account_id	account_type	region	code	row_sum	column_sum	balance
ACT:DE:AGRI_FOOD	activity	DE	AGRI_FOOD	237473.03595278476	237473.03595278464	1.1641532182693481e-10
ACT:DE:BASIC_METALS	activity	DE	BASIC_METALS	91770.02541709901	91770.02541709901	0.0
ACT:DE:CONSTRUCTION	activity	DE	CONSTRUCTION	288371.1047663641	288371.104766364	1.1641532182693481e-10
ACT:DE:EXTRACTIVE	activity	DE	EXTRACTIVE	10697.997489211706	10697.997489211704	1.8189894035458565e-12
ACT:DE:INC_EE	activity	DE	INC_EE	77.21800615634689	77.2180061563469	-1.4210854715202004e-14
ACT:DE:METAL_COMPONENTS	activity	DE	METAL_COMPONENTS	130506.01840537538	130506.01840537533	4.3655745685100555e-11
ACT:DE:NEW_ELMA	activity	DE	NEW_ELMA	72916.20858710872	72916.20858710872	0.0
ACT:DE:NEW_OFMA	activity	DE	NEW_OFMA	2.3739332434389233	2.373933243438924	-8.881784197001252e-16
ACT:DE:NEW_RATV	activity	DE	NEW_RATV	61632.646120665464	61632.64612066547	-7.275957614183426e-12
ACT:DE:OTHER_MANUFACTURING	activity	DE	OTHER_MANUFACTURING	1.2603191029615367e6	1.2603191029615365e6	2.3283064365386963e-10
ACT:DE:OTHER_SERVICES	activity	DE	OTHER_SERVICES	1.8180462419839816e6	1.818046241983981e6	4.656612873077393e-10
ACT:DE:PUBLIC_SOCIAL	activity	DE	PUBLIC_SOCIAL	777105.0413305032	777105.041330503	2.3283064365386963e-10
ACT:DE:REC_EE	activity	DE	REC_EE	207.11214690694814	207.1121469069482	-5.684341886080802e-14
ACT:DE:REF_ELMA	activity	DE	REF_ELMA	9078.331513560099	9078.3315135601	-1.8189894035458565e-12
ACT:DE:REF_OFMA	activity	DE	REF_OFMA	0.3407195017354377	0.34071950173543764	5.551115123125783e-17
ACT:DE:REF_RATV	activity	DE	REF_RATV	8845.844562105904	8845.844562105904	0.0
ACT:DE:REP_ELMA	activity	DE	REP_ELMA	41.635134332205	41.63513433220499	7.105427357601002e-15
ACT:DE:REP_OFMA	activity	DE	REP_OFMA	0.003980307235229314	0.003980307235229314	0.0
ACT:DE:REP_RATV	activity	DE	REP_RATV	103.33773025518063	103.33773025518066	-2.842170943040401e-14
ACT:DE:REU_ELMA	activity	DE	REU_ELMA	3253.4401300734353	3253.4401300734357	-4.547473508864641e-13
ACT:DE:REU_OFMA	activity	DE	REU_OFMA	0.16115739682400954	0.16115739682400954	0.0
ACT:DE:REU_RATV	activity	DE	REU_RATV	4184.008472204312	4184.008472204313	-9.094947017729282e-13
ACT:DE:TRADE	activity	DE	TRADE	481964.84302393976	481964.8430239398	-5.820766091346741e-11
ACT:DE:TRANSPORT	activity	DE	TRANSPORT	337231.08267838444	337231.08267838426	1.7462298274040222e-10
ACT:DE:UTIL_WASTE	activity	DE	UTIL_WASTE	182937.69701973	182937.69701973003	-2.9103830456733704e-11
ACT:FR:AGRI_FOOD	activity	FR	AGRI_FOOD	233247.54806373434	233247.54806373426	8.731149137020111e-11
ACT:FR:BASIC_METALS	activity	FR	BASIC_METALS	24587.895906894246	24587.89590689425	-3.637978807091713e-12
ACT:FR:CONSTRUCTION	activity	FR	CONSTRUCTION	289916.7798384979	289916.7798384978	1.1641532182693481e-10
ACT:FR:EXTRACTIVE	activity	FR	EXTRACTIVE	5055.597247327884	5055.597247327882	2.7284841053187847e-12
ACT:FR:INC_EE	activity	FR	INC_EE	84.68643194693854	84.68643194693853	1.4210854715202004e-14
ACT:FR:METAL_COMPONENTS	activity	FR	METAL_COMPONENTS	51721.399358739094	51721.39935873907	2.1827872842550278e-11
ACT:FR:NEW_ELMA	activity	FR	NEW_ELMA	15112.01417305743	15112.014173057434	-3.637978807091713e-12
ACT:FR:NEW_OFMA	activity	FR	NEW_OFMA	0.9095721924676735	0.9095721924676736	-1.1102230246251565e-16
ACT:FR:NEW_RATV	activity	FR	NEW_RATV	16486.391450800274	16486.39145080027	3.637978807091713e-12
ACT:FR:OTHER_MANUFACTURING	activity	FR	OTHER_MANUFACTURING	444167.97160649195	444167.971606492	-5.820766091346741e-11
ACT:FR:OTHER_SERVICES	activity	FR	OTHER_SERVICES	1.514642521335942e6	1.5146425213359424e6	-4.656612873077393e-10
ACT:FR:PUBLIC_SOCIAL	activity	FR	PUBLIC_SOCIAL	594377.0011062336	594377.0011062339	-3.4924596548080444e-10
ACT:FR:REC_EE	activity	FR	REC_EE	101.53949732772902	101.53949732772905	-2.842170943040401e-14
ACT:FR:REF_ELMA	activity	FR	REF_ELMA	2350.0942455418212	2350.0942455418212	0.0
ACT:FR:REF_OFMA	activity	FR	REF_OFMA	0.13907468863897207	0.13907468863897204	2.7755575615628914e-17
ACT:FR:REF_RATV	activity	FR	REF_RATV	2520.789196324543	2520.789196324542	9.094947017729282e-13
ACT:FR:REP_ELMA	activity	FR	REP_ELMA	38.55897900530868	38.558979005308686	-7.105427357601002e-15
ACT:FR:REP_OFMA	activity	FR	REP_OFMA	0.002175605809387517	0.0021756003151652335	5.494222283294187e-9
ACT:FR:REP_RATV	activity	FR	REP_RATV	39.433802921895385	39.433802921895364	2.1316282072803006e-14
ACT:FR:REU_ELMA	activity	FR	REU_ELMA	478.4681021372286	478.4681021372287	-1.1368683772161603e-13
ACT:FR:REU_OFMA	activity	FR	REU_OFMA	0.02521031319789061	0.02521031319789061	0.0
ACT:FR:REU_RATV	activity	FR	REU_RATV	456.9478859665861	456.9478859665861	0.0
ACT:FR:TRADE	activity	FR	TRADE	386911.7535785198	386911.75357851957	2.3283064365386963e-10
ACT:FR:TRANSPORT	activity	FR	TRANSPORT	198856.95054183478	198856.9505418348	-2.9103830456733704e-11
ACT:FR:UTIL_WASTE	activity	FR	UTIL_WASTE	135274.67186024977	135274.67186024974	2.9103830456733704e-11
ACT:IT:AGRI_FOOD	activity	IT	AGRI_FOOD	191742.09053891632	191742.09053891647	-1.4551915228366852e-10
ACT:IT:BASIC_METALS	activity	IT	BASIC_METALS	50620.09996999235	50620.099969992356	-7.275957614183426e-12
ACT:IT:CONSTRUCTION	activity	IT	CONSTRUCTION	184000.43998142594	184000.43998142588	5.820766091346741e-11
ACT:IT:EXTRACTIVE	activity	IT	EXTRACTIVE	7790.594758176207	7790.594758176206	9.094947017729282e-13
ACT:IT:INC_EE	activity	IT	INC_EE	128.62879631457298	128.628796314573	-2.842170943040401e-14
ACT:IT:METAL_COMPONENTS	activity	IT	METAL_COMPONENTS	81294.53347541785	81294.5334754178	4.3655745685100555e-11
ACT:IT:NEW_ELMA	activity	IT	NEW_ELMA	27682.193229125627	27682.193229125645	-1.8189894035458565e-11
ACT:IT:NEW_OFMA	activity	IT	NEW_OFMA	3391.756710750689	3391.756710750689	0.0
ACT:IT:NEW_RATV	activity	IT	NEW_RATV	11810.074956235834	11810.074956235832	1.8189894035458565e-12
ACT:IT:OTHER_MANUFACTURING	activity	IT	OTHER_MANUFACTURING	578227.6176113383	578227.6176113383	0.0
ACT:IT:OTHER_SERVICES	activity	IT	OTHER_SERVICES	1.0149413357720881e6	1.0149413357720879e6	2.3283064365386963e-10
ACT:IT:PUBLIC_SOCIAL	activity	IT	PUBLIC_SOCIAL	383922.43525779346	383922.4352577934	5.820766091346741e-11
ACT:IT:REC_EE	activity	IT	REC_EE	278.21624443963447	278.21624443963447	0.0
ACT:IT:REF_ELMA	activity	IT	REF_ELMA	2750.7246255280925	2750.724625528094	-1.3642420526593924e-12
ACT:IT:REF_OFMA	activity	IT	REF_OFMA	320.65591085623305	320.6559108562332	-1.7053025658242404e-13
ACT:IT:REF_RATV	activity	IT	REF_RATV	1116.521810178221	1116.5218101782204	4.547473508864641e-13
ACT:IT:REP_ELMA	activity	IT	REP_ELMA	25.054711558565554	25.05471155856556	-7.105427357601002e-15
ACT:IT:REP_OFMA	activity	IT	REP_OFMA	6.243395038086201	6.243395038086201	0.0
ACT:IT:REP_RATV	activity	IT	REP_RATV	21.739461190797442	21.739461190797446	-3.552713678800501e-15
ACT:IT:REU_ELMA	activity	IT	REU_ELMA	778.8822251122077	778.8822251122074	3.410605131648481e-13
ACT:IT:REU_OFMA	activity	IT	REU_OFMA	96.18544083592643	96.18544083592646	-2.842170943040401e-14
ACT:IT:REU_RATV	activity	IT	REU_RATV	334.917083636794	334.917083636794	0.0
ACT:IT:TRADE	activity	IT	TRADE	332329.7769180294	332329.7769180294	0.0
ACT:IT:TRANSPORT	activity	IT	TRANSPORT	184042.4662844512	184042.46628445125	-5.820766091346741e-11
ACT:IT:UTIL_WASTE	activity	IT	UTIL_WASTE	111473.93897177589	111473.93897177595	-5.820766091346741e-11
ACT:PL:AGRI_FOOD	activity	PL	AGRI_FOOD	83866.38133642543	83866.38133642542	1.4551915228366852e-11
ACT:PL:BASIC_METALS	activity	PL	BASIC_METALS	10395.575339816156	10395.575339816154	1.8189894035458565e-12
ACT:PL:CONSTRUCTION	activity	PL	CONSTRUCTION	82078.30209387114	82078.30209387113	1.4551915228366852e-11
ACT:PL:EXTRACTIVE	activity	PL	EXTRACTIVE	11051.740982547033	11051.740982547037	-3.637978807091713e-12
ACT:PL:INC_EE	activity	PL	INC_EE	29.005356337304583	29.005356337304587	-3.552713678800501e-15
ACT:PL:METAL_COMPONENTS	activity	PL	METAL_COMPONENTS	24679.82934564148	24679.829345641476	3.637978807091713e-12
ACT:PL:NEW_ELMA	activity	PL	NEW_ELMA	9122.200433143436	9122.20043314344	-3.637978807091713e-12
ACT:PL:NEW_OFMA	activity	PL	NEW_OFMA	160.3335193948745	160.33351939487451	-2.842170943040401e-14
ACT:PL:NEW_RATV	activity	PL	NEW_RATV	6100.712971589807	6100.712971589809	-1.8189894035458565e-12
ACT:PL:OTHER_MANUFACTURING	activity	PL	OTHER_MANUFACTURING	162363.0442965556	162363.0442965556	0.0
ACT:PL:OTHER_SERVICES	activity	PL	OTHER_SERVICES	186324.75780178513	186324.7578017851	2.9103830456733704e-11
ACT:PL:PUBLIC_SOCIAL	activity	PL	PUBLIC_SOCIAL	78864.5560598197	78864.55605981963	7.275957614183426e-11
ACT:PL:REC_EE	activity	PL	REC_EE	17.450220587965177	17.450220587965163	1.4210854715202004e-14
ACT:PL:REF_ELMA	activity	PL	REF_ELMA	1064.5429190486684	1064.5429190486682	2.2737367544323206e-13
ACT:PL:REF_OFMA	activity	PL	REF_OFMA	30.43791982427904	30.43791982427904	0.0
ACT:PL:REF_RATV	activity	PL	REF_RATV	1158.167131865884	1158.167131865883	9.094947017729282e-13
ACT:PL:REP_ELMA	activity	PL	REP_ELMA	15.548778925476539	15.548778925476542	-3.552713678800501e-15
ACT:PL:REP_OFMA	activity	PL	REP_OFMA	0.03425954877246014	0.03425954877246014	0.0
ACT:PL:REP_RATV	activity	PL	REP_RATV	1.3035806545686244	1.3035806545686244	0.0
ACT:PL:REU_ELMA	activity	PL	REU_ELMA	346.9731191610597	346.9731191610597	0.0
ACT:PL:REU_OFMA	activity	PL	REU_OFMA	6.593789145375234	6.593789145375235	-8.881784197001252e-16
ACT:PL:REU_RATV	activity	PL	REU_RATV	250.8946047182361	250.8946047182362	-8.526512829121202e-14
ACT:PL:TRADE	activity	PL	TRADE	103238.73773912364	103238.73773912362	1.4551915228366852e-11
ACT:PL:TRANSPORT	activity	PL	TRANSPORT	60836.963875484624	60836.96387548461	1.4551915228366852e-11
ACT:PL:UTIL_WASTE	activity	PL	UTIL_WASTE	33675.10706235515	33675.10706235514	7.275957614183426e-12
ACT:REU:AGRI_FOOD	activity	REU	AGRI_FOOD	1.2279938533818019e6	1.227993853381802e6	-2.3283064365386963e-10
ACT:REU:BASIC_METALS	activity	REU	BASIC_METALS	259986.7314424022	259986.73144240218	2.9103830456733704e-11
ACT:REU:CONSTRUCTION	activity	REU	CONSTRUCTION	1.4311181160319375e6	1.4311181160319387e6	-1.1641532182693481e-9
ACT:REU:EXTRACTIVE	activity	REU	EXTRACTIVE	307189.65274135163	307189.65274135175	-1.1641532182693481e-10
ACT:REU:INC_EE	activity	REU	INC_EE	368.02142923336737	368.02142923336726	1.1368683772161603e-13
ACT:REU:METAL_COMPONENTS	activity	REU	METAL_COMPONENTS	268925.97157516395	268925.97157516395	0.0
ACT:REU:NEW_ELMA	activity	REU	NEW_ELMA	105307.02728531581	105307.02728531585	-4.3655745685100555e-11
ACT:REU:NEW_OFMA	activity	REU	NEW_OFMA	9940.29052402373	9940.290524023723	7.275957614183426e-12
ACT:REU:NEW_RATV	activity	REU	NEW_RATV	177100.77031049517	177100.77031049528	-1.1641532182693481e-10
ACT:REU:OTHER_MANUFACTURING	activity	REU	OTHER_MANUFACTURING	2.593661994505149e6	2.5936619945051507e6	-1.862645149230957e-9
ACT:REU:OTHER_SERVICES	activity	REU	OTHER_SERVICES	6.10869683177014e6	6.1086968317701435e6	-3.725290298461914e-9
ACT:REU:PUBLIC_SOCIAL	activity	REU	PUBLIC_SOCIAL	2.4492160314506465e6	2.4492160314506455e6	9.313225746154785e-10
ACT:REU:REC_EE	activity	REU	REC_EE	109.56290003394972	109.56290003394963	8.526512829121202e-14
ACT:REU:REF_ELMA	activity	REU	REF_ELMA	14750.409848560997	14750.409848561007	-9.094947017729282e-12
ACT:REU:REF_OFMA	activity	REU	REF_OFMA	2261.2609392009094	2261.2609392009085	9.094947017729282e-13
ACT:REU:REF_RATV	activity	REU	REF_RATV	40261.02821796937	40261.02821796938	-1.4551915228366852e-11
ACT:REU:REP_ELMA	activity	REU	REP_ELMA	81.37718078599532	81.37718078599531	1.4210854715202004e-14
ACT:REU:REP_OFMA	activity	REU	REP_OFMA	13.893010272648858	13.893010272648858	0.0
ACT:REU:REP_RATV	activity	REU	REP_RATV	247.36060705179423	247.36060705179423	0.0
ACT:REU:REU_ELMA	activity	REU	REU_ELMA	4236.456949208136	4236.456949208135	1.8189894035458565e-12
ACT:REU:REU_OFMA	activity	REU	REU_OFMA	535.3517000367078	535.3517000367079	-1.1368683772161603e-13
ACT:REU:REU_RATV	activity	REU	REU_RATV	9531.765895772858	9531.765895772853	5.4569682106375694e-12
ACT:REU:TRADE	activity	REU	TRADE	1.9454586563953175e6	1.9454586563953168e6	6.984919309616089e-10
ACT:REU:TRANSPORT	activity	REU	TRANSPORT	1.1799971425150544e6	1.179997142515054e6	4.656612873077393e-10
ACT:REU:UTIL_WASTE	activity	REU	UTIL_WASTE	764832.1759748089	764832.175974809	-1.1641532182693481e-10
ACT:SK:AGRI_FOOD	activity	SK	AGRI_FOOD	7302.424023975449	7302.424023975446	2.7284841053187847e-12
ACT:SK:BASIC_METALS	activity	SK	BASIC_METALS	3821.5699192311895	3821.5699192311895	0.0
ACT:SK:CONSTRUCTION	activity	SK	CONSTRUCTION	12678.004097079152	12678.004097079156	-3.637978807091713e-12
ACT:SK:EXTRACTIVE	activity	SK	EXTRACTIVE	345.161812066172	345.16181206617193	5.684341886080802e-14
ACT:SK:INC_EE	activity	SK	INC_EE	2.592018007348751	2.5920180073487504	4.440892098500626e-16
ACT:SK:METAL_COMPONENTS	activity	SK	METAL_COMPONENTS	5339.9620924968885	5339.962092496889	-9.094947017729282e-13
ACT:SK:NEW_ELMA	activity	SK	NEW_ELMA	2446.0716681625945	2446.0716681625945	0.0
ACT:SK:NEW_OFMA	activity	SK	NEW_OFMA	0.04695225319241173	0.04695225319241173	0.0
ACT:SK:NEW_RATV	activity	SK	NEW_RATV	3857.9407471491454	3857.9407471491454	0.0
ACT:SK:OTHER_MANUFACTURING	activity	SK	OTHER_MANUFACTURING	48659.87970566443	48659.87970566442	1.4551915228366852e-11
ACT:SK:OTHER_SERVICES	activity	SK	OTHER_SERVICES	44877.853078123524	44877.85307812354	-1.4551915228366852e-11
ACT:SK:PUBLIC_SOCIAL	activity	SK	PUBLIC_SOCIAL	15554.236531027873	15554.23653102787	3.637978807091713e-12
ACT:SK:REC_EE	activity	SK	REC_EE	0.749732975958052	0.7497329759580517	3.3306690738754696e-16
ACT:SK:REF_ELMA	activity	SK	REF_ELMA	424.68370161412696	424.68370161412713	-1.7053025658242404e-13
ACT:SK:REF_OFMA	activity	SK	REF_OFMA	0.008248033182571184	0.008248030234742368	2.947828816116105e-9
ACT:SK:REF_RATV	activity	SK	REF_RATV	677.718776937602	677.7187769376019	1.1368683772161603e-13
ACT:SK:REP_ELMA	activity	SK	REP_ELMA	0.5252860420372353	0.5252860420372353	0.0
ACT:SK:REP_OFMA	activity	SK	REP_OFMA	5.481817233873664e-6	5.479935417451428e-6	1.881816422236644e-9
ACT:SK:REP_RATV	activity	SK	REP_RATV	0.450434103343571	0.45043410334357087	1.1102230246251565e-16
ACT:SK:REU_ELMA	activity	SK	REU_ELMA	246.52086145626538	246.52086145626524	1.4210854715202004e-13
ACT:SK:REU_OFMA	activity	SK	REU_OFMA	0.004142752410665154	0.004142752410665154	0.0
ACT:SK:REU_RATV	activity	SK	REU_RATV	340.39886439579817	340.39886439579806	1.1368683772161603e-13
ACT:SK:TRADE	activity	SK	TRADE	14634.122277633123	14634.122277633132	-9.094947017729282e-12
ACT:SK:TRANSPORT	activity	SK	TRANSPORT	10625.20421478781	10625.204214787811	-1.8189894035458565e-12
ACT:SK:UTIL_WASTE	activity	SK	UTIL_WASTE	11171.100164755322	11171.100164755317	5.4569682106375694e-12
COM:DE:AGRI_FOOD	commodity	DE	AGRI_FOOD	228497.5253958878	228497.5253958878	0.0
COM:DE:BASIC_METALS	commodity	DE	BASIC_METALS	86551.51519048125	86551.51519048134	-8.731149137020111e-11
COM:DE:CONSTRUCTION	commodity	DE	CONSTRUCTION	302067.5719367389	302067.571936739	-1.1641532182693481e-10
COM:DE:EXTRACTIVE	commodity	DE	EXTRACTIVE	9855.351728126947	9855.351728127036	-8.913048077374697e-11
COM:DE:INC_EE	commodity	DE	INC_EE	76.54347749261343	76.54347749270863	-9.519851573713822e-11
COM:DE:METAL_COMPONENTS	commodity	DE	METAL_COMPONENTS	127251.31544434816	127251.3154443482	-4.3655745685100555e-11
COM:DE:NEW_ELMA	commodity	DE	NEW_ELMA	63189.750820370195	63189.750820370304	-1.0913936421275139e-10
COM:DE:NEW_OFMA	commodity	DE	NEW_OFMA	1.9330296153593514	1.9330296154544973	-9.514589116577099e-11
COM:DE:NEW_RATV	commodity	DE	NEW_RATV	51254.118748954905	51254.118748955065	-1.6007106751203537e-10
COM:DE:OTHER_MANUFACTURING	commodity	DE	OTHER_MANUFACTURING	1.1381807851728043e6	1.1381807851728045e6	-2.3283064365386963e-10
COM:DE:OTHER_SERVICES	commodity	DE	OTHER_SERVICES	1.9426546459647205e6	1.942654645964721e6	-4.656612873077393e-10
COM:DE:PUBLIC_SOCIAL	commodity	DE	PUBLIC_SOCIAL	769582.137380595	769582.1373805949	1.1641532182693481e-10
COM:DE:REC_EE	commodity	DE	REC_EE	205.30689450600377	205.3068945060989	-9.512746146356221e-11
COM:DE:REF_ELMA	commodity	DE	REF_ELMA	10077.759274551667	10077.759274551769	-1.0186340659856796e-10
COM:DE:REF_OFMA	commodity	DE	REF_OFMA	0.41086506702503	0.4108650671201796	-9.514961041290348e-11
COM:DE:REF_RATV	commodity	DE	REF_RATV	9745.584895493424	9745.58489549352	-9.640643838793039e-11
COM:DE:REP_ELMA	commodity	DE	REP_ELMA	63.65400630942008	63.65400630951523	-9.514877774563502e-11
COM:DE:REP_OFMA	commodity	DE	REP_OFMA	0.032702653860142046	0.0327026539552786	-9.513655141457633e-11
COM:DE:REP_RATV	commodity	DE	REP_RATV	158.06550099870108	158.0655009987962	-9.512746146356221e-11
COM:DE:REU_ELMA	commodity	DE	REU_ELMA	3673.376332463925	3673.3763324640204	-9.549694368615746e-11
COM:DE:REU_OFMA	commodity	DE	REU_OFMA	0.2342889178422858	0.23428891793743367	-9.51478618116397e-11
COM:DE:REU_RATV	commodity	DE	REU_RATV	4570.15921596045	4570.159215960545	-9.549694368615746e-11
COM:DE:TRADE	commodity	DE	TRADE	526293.0586726372	526293.0586726374	-2.3283064365386963e-10
COM:DE:TRANSPORT	commodity	DE	TRANSPORT	338926.06658682966	338926.0665868298	-1.1641532182693481e-10
COM:DE:UTIL_WASTE	commodity	DE	UTIL_WASTE	163883.9651422205	163883.96514222064	-1.4551915228366852e-10
COM:FR:AGRI_FOOD	commodity	FR	AGRI_FOOD	233557.81488137352	233557.81488137358	-5.820766091346741e-11
COM:FR:BASIC_METALS	commodity	FR	BASIC_METALS	24587.886612385213	24587.886612385308	-9.458744898438454e-11
COM:FR:CONSTRUCTION	commodity	FR	CONSTRUCTION	290460.6395522433	290460.6395522433	0.0
COM:FR:EXTRACTIVE	commodity	FR	EXTRACTIVE	5056.579553774526	5056.57955377462	-9.367795428261161e-11
COM:FR:INC_EE	commodity	FR	INC_EE	117.52270067165395	117.5227006717491	-9.515588317299262e-11
COM:FR:METAL_COMPONENTS	commodity	FR	METAL_COMPONENTS	51740.74874256327	51740.74874256337	-1.0186340659856796e-10
COM:FR:NEW_ELMA	commodity	FR	NEW_ELMA	15160.412119386907	15160.412119386998	-9.094947017729282e-11
COM:FR:NEW_OFMA	commodity	FR	NEW_OFMA	0.9095721923725353	0.9095721924676735	-9.513823062690108e-11
COM:FR:NEW_RATV	commodity	FR	NEW_RATV	16552.273892738318	16552.2738927384	-8.36735125631094e-11
COM:FR:OTHER_MANUFACTURING	commodity	FR	OTHER_MANUFACTURING	444694.35664647655	444694.3566464768	-2.3283064365386963e-10
COM:FR:OTHER_SERVICES	commodity	FR	OTHER_SERVICES	1.5307111858883747e6	1.5307111858883747e6	0.0
COM:FR:PUBLIC_SOCIAL	commodity	FR	PUBLIC_SOCIAL	564292.7589553446	564292.7589553444	1.1641532182693481e-10
COM:FR:REC_EE	commodity	FR	REC_EE	140.9232660870266	140.92326608712168	-9.50706180447014e-11
COM:FR:REF_ELMA	commodity	FR	REF_ELMA	2350.6114275719497	2350.611427572044	-9.413270163349807e-11
COM:FR:REF_OFMA	commodity	FR	REF_OFMA	0.1390745976824348	0.1390745977775761	-9.514131149579441e-11
COM:FR:REF_RATV	commodity	FR	REF_RATV	2521.9379940349713	2521.9379940350655	-9.413270163349807e-11
COM:FR:REP_ELMA	commodity	FR	REP_ELMA	38.558979005213544	38.55897900530868	-9.513456689091981e-11
COM:FR:REP_OFMA	commodity	FR	REP_OFMA	0.002175605714240428	0.002175605809387517	-9.514708899233115e-11
COM:FR:REP_RATV	commodity	FR	REP_RATV	39.433802921800236	39.433802921895385	-9.514877774563502e-11
COM:FR:REU_ELMA	commodity	FR	REU_ELMA	479.2333892415308	479.23338924162596	-9.515588317299262e-11
COM:FR:REU_OFMA	commodity	FR	REU_OFMA	0.025210293881450265	0.02521029397659327	-9.514300458590697e-11
COM:FR:REU_RATV	commodity	FR	REU_RATV	457.6118681112828	457.6118681113779	-9.509903975413181e-11
COM:FR:TRADE	commodity	FR	TRADE	386911.51933438296	386911.51933438284	1.1641532182693481e-10
COM:FR:TRANSPORT	commodity	FR	TRANSPORT	199502.18524203115	199502.18524203124	-8.731149137020111e-11
COM:FR:UTIL_WASTE	commodity	FR	UTIL_WASTE	147053.08770133954	147053.08770133965	-1.1641532182693481e-10
COM:IT:AGRI_FOOD	commodity	IT	AGRI_FOOD	185622.73826166757	185622.73826166778	-2.0372681319713593e-10
COM:IT:BASIC_METALS	commodity	IT	BASIC_METALS	47020.20521743487	47020.20521743502	-1.4551915228366852e-10
COM:IT:CONSTRUCTION	commodity	IT	CONSTRUCTION	177606.61111259402	177606.61111259417	-1.4551915228366852e-10
COM:IT:EXTRACTIVE	commodity	IT	EXTRACTIVE	7023.517907245209	7023.517907245305	-9.549694368615746e-11
COM:IT:INC_EE	commodity	IT	INC_EE	187.77412996309977	187.77412996319495	-9.518430488242302e-11
COM:IT:METAL_COMPONENTS	commodity	IT	METAL_COMPONENTS	85776.64644230616	85776.64644230621	-5.820766091346741e-11
COM:IT:NEW_ELMA	commodity	IT	NEW_ELMA	25223.059084259516	25223.05908425963	-1.127773430198431e-10
COM:IT:NEW_OFMA	commodity	IT	NEW_OFMA	3371.404317243748	3371.404317243843	-9.458744898438454e-11
COM:IT:NEW_RATV	commodity	IT	NEW_RATV	11739.377236889088	11739.377236889184	-9.640643838793039e-11
COM:IT:OTHER_MANUFACTURING	commodity	IT	OTHER_MANUFACTURING	544043.7212719998	544043.7212719994	3.4924596548080444e-10
COM:IT:OTHER_SERVICES	commodity	IT	OTHER_SERVICES	1.0907221106311153e6	1.090722110631116e6	-6.984919309616089e-10
COM:IT:PUBLIC_SOCIAL	commodity	IT	PUBLIC_SOCIAL	362743.7165072035	362743.7165072036	-5.820766091346741e-11
COM:IT:REC_EE	commodity	IT	REC_EE	406.17533941376286	406.17533941385824	-9.538325684843585e-11
COM:IT:REF_ELMA	commodity	IT	REF_ELMA	2653.0365422607742	2653.036542260869	-9.458744898438454e-11
COM:IT:REF_OFMA	commodity	IT	REF_OFMA	300.4378873343419	300.437887334437	-9.509903975413181e-11
COM:IT:REF_RATV	commodity	IT	REF_RATV	1046.2183458306217	1046.218345830717	-9.526957001071423e-11
COM:IT:REP_ELMA	commodity	IT	REP_ELMA	33.086810389732776	33.08681038982792	-9.514167231827741e-11
COM:IT:REP_OFMA	commodity	IT	REP_OFMA	8.281868259493326	8.281868259588466	-9.513989596143801e-11
COM:IT:REP_RATV	commodity	IT	REP_RATV	28.714196528647093	28.714196528742235	-9.514167231827741e-11
COM:IT:REU_ELMA	commodity	IT	REU_ELMA	1174.1909334429804	1174.1909334430766	-9.617906471248716e-11
COM:IT:REU_OFMA	commodity	IT	REU_OFMA	139.27040683849648	139.27040683859155	-9.50706180447014e-11
COM:IT:REU_RATV	commodity	IT	REU_RATV	485.06486730380914	485.06486730390424	-9.509903975413181e-11
COM:IT:TRADE	commodity	IT	TRADE	319101.9021690955	319101.9021690958	-2.9103830456733704e-10
COM:IT:TRANSPORT	commodity	IT	TRANSPORT	180354.4092201083	180354.4092201084	-1.1641532182693481e-10
COM:IT:UTIL_WASTE	commodity	IT	UTIL_WASTE	122313.82176754813	122313.82176754822	-8.731149137020111e-11
COM:PL:AGRI_FOOD	commodity	PL	AGRI_FOOD	84065.59266375158	84065.59266375164	-5.820766091346741e-11
COM:PL:BASIC_METALS	commodity	PL	BASIC_METALS	13972.19115530507	13972.191155305165	-9.458744898438454e-11
COM:PL:CONSTRUCTION	commodity	PL	CONSTRUCTION	83292.78256443028	83292.78256443035	-7.275957614183426e-11
COM:PL:EXTRACTIVE	commodity	PL	EXTRACTIVE	7708.538075853682	7708.538075853777	-9.458744898438454e-11
COM:PL:INC_EE	commodity	PL	INC_EE	27.14748704175807	27.14748704185322	-9.515233045931382e-11
COM:PL:METAL_COMPONENTS	commodity	PL	METAL_COMPONENTS	24276.231180158145	24276.23118015825	-1.0550138540565968e-10
COM:PL:NEW_ELMA	commodity	PL	NEW_ELMA	9719.711056057831	9719.711056057922	-9.094947017729282e-11
COM:PL:NEW_OFMA	commodity	PL	NEW_OFMA	150.34513253311775	150.34513253321302	-9.526957001071423e-11
COM:PL:NEW_RATV	commodity	PL	NEW_RATV	5720.831735008113	5720.831735008207	-9.367795428261161e-11
COM:PL:OTHER_MANUFACTURING	commodity	PL	OTHER_MANUFACTURING	160072.50652901514	160072.5065290152	-5.820766091346741e-11
COM:PL:OTHER_SERVICES	commodity	PL	OTHER_SERVICES	197605.43727979466	197605.43727979477	-1.1641532182693481e-10
COM:PL:PUBLIC_SOCIAL	commodity	PL	PUBLIC_SOCIAL	78134.85963875284	78134.85963875297	-1.3096723705530167e-10
COM:PL:REC_EE	commodity	PL	REC_EE	16.346014737123436	16.346014737218578	-9.514167231827741e-11
COM:PL:REF_ELMA	commodity	PL	REF_ELMA	964.379348257857	964.3793482579518	-9.481482265982777e-11
COM:PL:REF_OFMA	commodity	PL	REF_OFMA	25.694834169202206	25.69483416929734	-9.513456689091981e-11
COM:PL:REF_RATV	commodity	PL	REF_RATV	977.334190608758	977.334190608853	-9.492850949754938e-11
COM:PL:REP_ELMA	commodity	PL	REP_ELMA	32.5107735141297	32.510773514224844	-9.514167231827741e-11
COM:PL:REP_OFMA	commodity	PL	REP_OFMA	0.2081429087288702	0.2081429088240302	-9.515999099818373e-11
COM:PL:REP_RATV	commodity	PL	REP_RATV	2.8121414577943384	2.812141457889488	-9.514966592405472e-11
COM:PL:REU_ELMA	commodity	PL	REU_ELMA	479.02319714463874	479.023197144734	-9.526957001071423e-11
COM:PL:REU_OFMA	commodity	PL	REU_OFMA	8.43462801092106	8.434628011016198	-9.513811960459861e-11
COM:PL:REU_RATV	commodity	PL	REU_RATV	319.93291831472095	319.93291831481633	-9.538325684843585e-11
COM:PL:TRADE	commodity	PL	TRADE	93472.57725423313	93472.57725423323	-1.0186340659856796e-10
COM:PL:TRANSPORT	commodity	PL	TRANSPORT	62449.1287665034	62449.12876650349	-8.731149137020111e-11
COM:PL:UTIL_WASTE	commodity	PL	UTIL_WASTE	32184.542392203788	32184.542392203883	-9.458744898438454e-11
COM:REU:AGRI_FOOD	commodity	REU	AGRI_FOOD	1.1933845951503383e6	1.1933845951503387e6	-4.656612873077393e-10
COM:REU:BASIC_METALS	commodity	REU	BASIC_METALS	252676.73797456603	252676.73797456603	0.0
COM:REU:CONSTRUCTION	commodity	REU	CONSTRUCTION	1.4240216504006223e6	1.424021650400623e6	-6.984919309616089e-10
COM:REU:EXTRACTIVE	commodity	REU	EXTRACTIVE	299769.33438741247	299769.3343874122	2.9103830456733704e-10
COM:REU:INC_EE	commodity	REU	INC_EE	378.8584509266044	378.8584509266994	-9.498535291641019e-11
COM:REU:METAL_COMPONENTS	commodity	REU	METAL_COMPONENTS	254545.5594187418	254545.55941874193	-1.4551915228366852e-10
COM:REU:NEW_ELMA	commodity	REU	NEW_ELMA	102344.98066377698	102344.98066377707	-8.731149137020111e-11
COM:REU:NEW_OFMA	commodity	REU	NEW_OFMA	9002.618397186503	9002.618397186596	-9.276845958083868e-11
COM:REU:NEW_RATV	commodity	REU	NEW_RATV	160394.27602430366	160394.2760243036	5.820766091346741e-11
COM:REU:OTHER_MANUFACTURING	commodity	REU	OTHER_MANUFACTURING	2.4434846168347327e6	2.443484616834732e6	9.313225746154785e-10
COM:REU:OTHER_SERVICES	commodity	REU	OTHER_SERVICES	6.4751893758992e6	6.475189375899203e6	-2.7939677238464355e-9
COM:REU:PUBLIC_SOCIAL	commodity	REU	PUBLIC_SOCIAL	2.3370529430593452e6	2.337052943059343e6	2.3283064365386963e-9
COM:REU:REC_EE	commodity	REU	REC_EE	112.82025289485802	112.82025289495317	-9.515588317299262e-11
COM:REU:REF_ELMA	commodity	REU	REF_ELMA	16021.250668325649	16021.250668325749	-1.000444171950221e-10
COM:REU:REF_OFMA	commodity	REU	REF_OFMA	2395.7957982439575	2395.795798244054	-9.640643838793039e-11
COM:REU:REF_RATV	commodity	REU	REF_RATV	42655.490074532856	42655.490074532994	-1.382431946694851e-10
COM:REU:REP_ELMA	commodity	REU	REP_ELMA	96.235995621164	96.23599562125919	-9.519851573713822e-11
COM:REU:REP_OFMA	commodity	REU	REP_OFMA	16.533815997554992	16.53381599765013	-9.513811960459861e-11
COM:REU:REP_RATV	commodity	REU	REP_RATV	292.3598148323641	292.3598148324594	-9.526957001071423e-11
COM:REU:REU_ELMA	commodity	REU	REU_ELMA	4378.1671481373505	4378.167148137446	-9.549694368615746e-11
COM:REU:REU_OFMA	commodity	REU	REU_OFMA	675.735740517768	675.735740517863	-9.492850949754938e-11
COM:REU:REU_RATV	commodity	REU	REU_RATV	12030.277863534177	12030.277863534282	-1.0550138540565968e-10
COM:REU:TRADE	commodity	REU	TRADE	1.9539700123059442e6	1.9539700123059447e6	-4.656612873077393e-10
COM:REU:TRANSPORT	commodity	REU	TRANSPORT	1.1673411574073713e6	1.1673411574073713e6	0.0
COM:REU:UTIL_WASTE	commodity	REU	UTIL_WASTE	749590.2717874175	749590.2717874172	2.3283064365386963e-10
COM:SK:AGRI_FOOD	commodity	SK	AGRI_FOOD	7447.480930787287	7447.480930787383	-9.549694368615746e-11
COM:SK:BASIC_METALS	commodity	SK	BASIC_METALS	4162.410882503089	4162.4108825031835	-9.458744898438454e-11
COM:SK:CONSTRUCTION	commodity	SK	CONSTRUCTION	13902.637514392203	13902.637514392296	-9.276845958083868e-11
COM:SK:EXTRACTIVE	commodity	SK	EXTRACTIVE	466.50880336357795	466.508803363673	-9.5042196335271e-11
COM:SK:INC_EE	commodity	SK	INC_EE	3.586429596321379	3.5864295964165245	-9.514566912116607e-11
COM:SK:METAL_COMPONENTS	commodity	SK	METAL_COMPONENTS	5300.353190477737	5300.353190477831	-9.367795428261161e-11
COM:SK:NEW_ELMA	commodity	SK	NEW_ELMA	2049.4086533643062	2049.4086533644013	-9.5042196335271e-11
COM:SK:NEW_OFMA	commodity	SK	NEW_OFMA	0.18997944283612433	0.18997944293126892	-9.514458665371706e-11
COM:SK:NEW_RATV	commodity	SK	NEW_RATV	4049.760069249888	4049.7600692499836	-9.549694368615746e-11
COM:SK:OTHER_MANUFACTURING	commodity	SK	OTHER_MANUFACTURING	48172.81396577738	48172.813965777474	-9.458744898438454e-11
COM:SK:OTHER_SERVICES	commodity	SK	OTHER_SERVICES	43917.317450331764	43917.3174503319	-1.382431946694851e-10
COM:SK:PUBLIC_SOCIAL	commodity	SK	PUBLIC_SOCIAL	15078.096006978	15078.096006978105	-1.0550138540565968e-10
COM:SK:REC_EE	commodity	SK	REC_EE	1.0784862305277765	1.0784862306229173	-9.514078413985771e-11
COM:SK:REF_ELMA	commodity	SK	REF_ELMA	431.74452954043437	431.7445295405293	-9.492850949754938e-11
COM:SK:REF_OFMA	commodity	SK	REF_OFMA	0.18127869715481834	0.18127869724996465	-9.514630749940522e-11
COM:SK:REF_RATV	commodity	SK	REF_RATV	688.8448537670339	688.8448537671289	-9.5042196335271e-11
COM:SK:REP_ELMA	commodity	SK	REP_ELMA	0.5541570323091196	0.5541570324042673	-9.514766752261039e-11
COM:SK:REP_OFMA	commodity	SK	REP_OFMA	0.10874371310241664	0.10874371319756508	-9.514844467872763e-11
COM:SK:REP_RATV	commodity	SK	REP_RATV	0.48858561541576107	0.4885856155109076	-9.514655729958577e-11
COM:SK:REU_ELMA	commodity	SK	REU_ELMA	252.8649696857799	252.86496968587505	-9.515588317299262e-11
COM:SK:REU_OFMA	commodity	SK	REU_OFMA	0.1827427214920896	0.1827427215872353	-9.51457246323173e-11
COM:SK:REU_RATV	commodity	SK	REU_RATV	343.7151777594829	343.7151777595782	-9.526957001071423e-11
COM:SK:TRADE	commodity	SK	TRADE	14380.130238628171	14380.130238628268	-9.640643838793039e-11
COM:SK:TRANSPORT	commodity	SK	TRANSPORT	10700.972859416985	10700.972859417081	-9.640643838793039e-11
COM:SK:UTIL_WASTE	commodity	SK	UTIL_WASTE	11655.798857131045	11655.798857131143	-9.822542779147625e-11
FAC:DE:CAP	factor	DE	CAP	1.2216645629526512e6	1.2216645629526512e6	0.0
FAC:DE:LAB	factor	DE	LAB	1.657410211e6	1.657410211e6	0.0
FAC:FR:CAP	factor	FR	CAP	767962.632402099	767962.632402099	0.0
FAC:FR:LAB	factor	FR	LAB	1.164992852e6	1.164992852e6	0.0
FAC:IT:CAP	factor	IT	CAP	827595.7519286654	827595.7519286651	3.4924596548080444e-10
FAC:IT:LAB	factor	IT	LAB	665227.714	665227.7139999999	1.1641532182693481e-10
FAC:PL:CAP	factor	PL	CAP	212558.82643689375	212558.82643689372	2.9103830456733704e-11
FAC:PL:LAB	factor	PL	LAB	165201.02	165201.02	0.0
FAC:REU:CAP	factor	REU	CAP	4.422374738617245e6	4.422374738617244e6	9.313225746154785e-10
FAC:REU:LAB	factor	REU	LAB	4.784158213000001e6	4.784158213e6	9.313225746154785e-10
FAC:SK:CAP	factor	SK	CAP	41572.79597456072	41572.79597456073	-7.275957614183426e-12
FAC:SK:LAB	factor	SK	LAB	32004.449	32004.449000000004	-3.637978807091713e-12
INS:DE:GOV	institution	DE	GOV	633891.3336754192	633891.3336754191	1.1641532182693481e-10
INS:DE:HH	institution	DE	HH	2.8557450923986705e6	2.8557450923986705e6	0.0
INS:DE:INV	institution	DE	INV	1.1330826075811414e6	1.1330826075811416e6	-2.3283064365386963e-10
INS:FR:GOV	institution	FR	GOV	538314.285446832	538314.2854468321	-1.1641532182693481e-10
INS:FR:HH	institution	FR	HH	1.8855414397425551e6	1.8855414397425551e6	0.0
INS:FR:INV	institution	FR	INV	721480.6062171758	721480.606217176	-1.1641532182693481e-10
INS:GLOBAL:INV_POOL	institution	GLOBAL	INV_POOL	149220.9754269779	149220.97542696737	1.05355866253376e-8
INS:IT:GOV	institution	IT	GOV	326278.17210922536	326278.1721092253	5.820766091346741e-11
INS:IT:HH	institution	IT	HH	1.4564547962627376e6	1.4564547962627376e6	0.0
INS:IT:INV	institution	IT	INV	426931.74080497795	426931.7408049779	5.820766091346741e-11
INS:PL:GOV	institution	PL	GOV	76215.4223706242	76215.42237062418	2.9103830456733704e-11
INS:PL:HH	institution	PL	HH	370320.3029992917	370320.3029992916	5.820766091346741e-11
INS:PL:INV	institution	PL	INV	129982.49263355561	129982.49263355568	-7.275957614183426e-11
INS:REU:GOV	institution	REU	GOV	2.0059391724553532e6	2.0059391724553525e6	6.984919309616089e-10
INS:REU:HH	institution	REU	HH	8.938715841370037e6	8.938715841370039e6	-1.862645149230957e-9
INS:REU:INV	institution	REU	INV	3.106457175398664e6	3.1064571753986655e6	-1.3969838619232178e-9
INS:SK:GOV	institution	SK	GOV	15840.68456778595	15840.684567785956	-7.275957614183426e-12
INS:SK:HH	institution	SK	HH	70976.61297456073	70976.61297456073	0.0
INS:SK:INV	institution	SK	INV	34602.92760458723	34602.92760458725	-1.4551915228366852e-11
EXT:DE	external	DE	EXT	413136.3703941322	413136.3703941322	0.0
EXT:FR	external	FR	EXT	276697.23120188713	276697.231201887	1.1641532182693481e-10
EXT:IT	external	IT	EXT	168763.1345517866	168763.13455178653	8.731149137020111e-11
EXT:PL	external	PL	EXT	55952.402826275385	55952.40282627541	-2.1827872842550278e-11
EXT:REU	external	REU	EXT	1.530758395589536e6	1.530758395589537e6	-9.313225746154785e-10
EXT:SK	external	SK	EXT	18314.164330040843	18314.164330040847	-3.637978807091713e-12
