label,ACT_AGRI_FOOD,ACT_EXTRACTIVE,ACT_BASIC_METALS,ACT_METAL_COMPONENTS,ACT_NEW_ELMA,ACT_NEW_OFMA,ACT_NEW_RATV,ACT_REP_ELMA,ACT_REP_OFMA,ACT_REP_RATV,ACT_REF_ELMA,ACT_REF_OFMA,ACT_REF_RATV,ACT_REU_ELMA,ACT_REU_OFMA,ACT_REU_RATV,ACT_REC_EE,ACT_INC_EE,ACT_CONSTRUCTION,ACT_UTIL_WASTE,ACT_TRADE,ACT_TRANSPORT,ACT_OTHER_MANUFACTURING,ACT_OTHER_SERVICES,ACT_PUBLIC_SOCIAL,COM_AGRI_FOOD,COM_EXTRACTIVE,COM_BASIC_METALS,COM_METAL_COMPONENTS,COM_NEW_ELMA,COM_NEW_OFMA,COM_NEW_RATV,COM_REP_ELMA,COM_REP_OFMA,COM_REP_RATV,COM_REF_ELMA,COM_REF_OFMA,COM_REF_RATV,COM_REU_ELMA,COM_REU_OFMA,COM_REU_RATV,COM_REC_EE,COM_INC_EE,COM_CONSTRUCTION,COM_UTIL_WASTE,COM_TRADE,COM_TRANSPORT,COM_OTHER_MANUFACTURING,COM_OTHER_SERVICES,COM_PUBLIC_SOCIAL,CAP,LAB,HH,GOV,INV,EXT
ACT_AGRI_FOOD,0.0,0.0,0.0,0.0,0.0,0.0,0.0,0.0,0.0,0.0,0.0,0.0,0.0,0.0,0.0,0.0,0.0,0.0,0.0,0.0,0.0,0.0,0.0,0.0,0.0,1.8956796626682659e6,81.22790525007326,10.212524938420483,86.73454175486323,5.2070173731408005,0.20726313969279864,3.8498887873060905,0.007607785653356582,0.0,0.0019498995375884128,430.84227586666515,42.71936748084548,890.3010274615181,61.687116397551854,7.863898598143495,132.27157694782682,0.10232607708130634,0.2602536521015439,3195.321653770492,3818.780273892712,31073.026266027966,2821.317994901502,11657.117650969572,31277.255642076467,349.0103533410801,0.3442529817693867,0.0,0.0,0.0,0.0,0.0
ACT_EXTRACTIVE,0.0,0.0,0.0,0.0,0.0,0.0,0.0,0.0,0.0,0.0,0.0,0.0,0.0,0.0,0.0,0.0,0.0,0.0,0.0,0.0,0.0,0.0,0.0,0.0,0.0,191.75011405320362,304092.2936422192,4174.561423909255,702.513026461531,2.0704854274266213,0.21672017763877727,3.6824897857807843,0.013996453046014492,0.015924477516564936,0.013344230477107632,49.645374627195,4.856892919904871,86.95075402619938,8.89327248541682,3.5761662162102548,63.0002638596923,0.34781454820440877,0.7531193578604445,2976.8361009535,1035.7358967065786,1976.336379889718,2368.41144208451,14649.125256096406,9673.017890167588,66.12592548887044,0.0013140576702426188,0.0,0.0,0.0,0.0,0.0
ACT_BASIC_METALS,0.0,0.0,0.0,0.0,0.0,0.0,0.0,0.0,0.0,0.0,0.0,0.0,0.0,0.0,0.0,0.0,0.0,0.0,0.0,0.0,0.0,0.0,0.0,0.0,0.0,11.62502157093637,416.1710312707229,399552.45845831156,11159.176931378786,646.7023735775327,1.1434132569325786,32.723102597157045,0.03326878574387397,0.02006725164789084,0.06982908204656908,48.99471220365982,4.347432267762434,81.34346573406296,3.838533078017789,0.8802602261537713,15.22273446771852,25.707761750434006,15.495667386355366,251.4384294601432,5800.788131280727,2538.3070777488083,285.61204338963745,12534.109011437773,7746.404235312503,9.169792477945252,0.11521013040692196,0.0,0.0,0.0,0.0,0.0
ACT_METAL_COMPONENTS,0.0,0.0,0.0,0.0,0.0,0.0,0.0,0.0,0.0,0.0,0.0,0.0,0.0,0.0,0.0,0.0,0.0,0.0,0.0,0.0,0.0,0.0,0.0,0.0,0.0,183.38356420013204,36.42300945063201,13084.855851811075,486209.97977600654,2534.5636581143085,49.50219208769929,693.1853782318261,0.5346723052766619,0.14599211128765383,0.638481750923934,243.45835278172592,13.996586797584825,302.2424294959808,22.75458977271577,1.2471167285437141,41.261906804235586,1.14522334117471,1.214238887456852,2567.292435344983,650.3617159494028,7818.975822748727,286.2753493274764,29774.156393661335,17916.775857161185,33.12315277817587,0.22050518417381682,0.0,0.0,0.0,0.0,0.0
ACT_NEW_ELMA,0.0,0.0,0.0,0.0,0.0,0.0,0.0,0.0,0.0,0.0,0.0,0.0,0.0,0.0,0.0,0.0,0.0,0.0,0.0,0.0,0.0,0.0,0.0,0.0,0.0,10.06736637806211,1.2588438074479433,701.2256613834656,2392.356710995804,190284.95315652876,158.5148466480952,2272.0094490257834,2.361904224990003,0.3609749928639512,3.797246661261867,259.0216025777667,9.99704747179885,307.0961295039422,36.40242594451182,2.5184796029001757,37.936224949019014,0.4974353762785549,0.38749220924767747,503.8735598243879,169.3642767793763,7662.855215358939,48.07226293905008,12268.85743067651,15447.167090766568,4.702850010055569,0.059691276737794396,0.0,0.0,0.0,0.0,0.0
ACT_NEW_OFMA,0.0,0.0,0.0,0.0,0.0,0.0,0.0,0.0,0.0,0.0,0.0,0.0,0.0,0.0,0.0,0.0,0.0,0.0,0.0,0.0,0.0,0.0,0.0,0.0,0.0,2.781298244449375,0.007747026766678303,1.386379205412503,42.6640816453671,338.78112603606917,10350.995962404872,0.0,0.04609734108133187,0.0695697536652404,0.06030568233022511,10.789338761096836,1.2088539396080802,18.108196207054874,0.8728181477037628,0.25979930972784004,3.4837128841934226,0.036969898535552534,0.02913351710505001,11.120571531189581,3.1135819649240624,461.5878273038943,3.1065351070606506,787.1978231545017,1457.6202940131143,0.3806556261448809,0.002533152522684823,0.0,0.0,0.0,0.0,0.0
ACT_NEW_RATV,0.0,0.0,0.0,0.0,0.0,0.0,0.0,0.0,0.0,0.0,0.0,0.0,0.0,0.0,0.0,0.0,0.0,0.0,0.0,0.0,0.0,0.0,0.0,0.0,0.0,49.73569645556275,0.7100012577895249,42.116372686914424,597.4062114208193,4595.818181583197,0.0,225453.5039022551,0.9654862500271988,0.07559491697955291,2.079263082766931,230.1409849336465,18.13544663542303,382.27209760779823,17.992175706305208,3.4951457779895883,66.67102812551946,0.07647316400791451,0.05640118090069751,164.58915665205637,37.24734444326814,8786.398721702602,60.61379428400149,9377.969006182806,27093.467909538525,6.936337248918791,0.06382384274365904,0.0,0.0,0.0,0.0,0.0
ACT_REP_ELMA,0.0,0.0,0.0,0.0,0.0,0.0,0.0,0.0,0.0,0.0,0.0,0.0,0.0,0.0,0.0,0.0,0.0,0.0,0.0,0.0,0.0,0.0,0.0,0.0,0.0,0.0,0.0,0.0,0.07997424037075872,0.12138274312738861,0.09514793998614596,0.5265751820683944,181.3190293726569,0.0,0.0,0.09868516523208143,0.04123170909744977,0.13914005500828736,0.04509868708302587,0.03755420806168529,0.0482854339215022,0.0,0.0,0.277205528525002,0.013535167501852513,5.986166363593043,0.03845087706342134,1.4465026703586037,11.938881286722847,0.4472240192099477,0.0,0.0,0.0,0.0,0.0,0.0
ACT_REP_OFMA,0.0,0.0,0.0,0.0,0.0,0.0,0.0,0.0,0.0,0.0,0.0,0.0,0.0,0.0,0.0,0.0,0.0,0.0,0.0,0.0,0.0,0.0,0.0,0.0,0.0,0.0,0.0,0.0,0.027258808936137094,0.03914626703620372,0.03362583778113605,0.09154849785928276,0.0,16.75791333212884,0.0,0.03416379762663925,0.0238079362314141,0.040657636503404725,0.023422409186994956,0.022579257229031206,0.023760656874970525,0.0,0.0,0.05687266447697762,0.0,0.8846724947015985,0.0,0.2048374087739163,1.8329535937717216,0.07960565525110261,0.0,0.0,0.0,0.0,0.0,0.0
ACT_REP_RATV,0.0,0.0,0.0,0.0,0.0,0.0,0.0,0.0,0.0,0.0,0.0,0.0,0.0,0.0,0.0,0.0,0.0,0.0,0.0,0.0,0.0,0.0,0.0,0.0,0.0,0.0,0.0,0.0,0.0713505380864403,0.11369156319532814,0.11049626735126049,0.8305658804699341,0.0,0.0,367.15374786545675,0.208338614344523,0.05318710277693414,0.35596554776601497,0.04440893544451982,0.03876300868518996,0.07081050022486701,0.0,0.0,0.45573539147509723,0.010776417718971651,10.111750921793238,0.14691897445858973,2.328757065973393,30.30112351689341,1.2192280654653473,0.0,0.0,0.0,0.0,0.0,0.0
ACT_REF_ELMA,0.0,0.0,0.0,0.0,0.0,0.0,0.0,0.0,0.0,0.0,0.0,0.0,0.0,0.0,0.0,0.0,0.0,0.0,0.0,0.0,0.0,0.0,0.0,0.0,0.0,227.11030063455934,5.816721949878215,36.807894462091916,107.36591190250687,34.44816504951837,4.014935143330853,33.30227902153633,0.27324346354840473,0.07139495246002289,0.4345562469965473,26703.76451511978,0.17073525473330395,2.6778529119173182,8.898227482333814,0.6533564312441813,12.573418434942026,0.11327778514705966,0.1615404777064912,87.31936042754107,53.96481066192208,558.7060525374501,418.134454377335,744.4291335075588,1372.7466288691376,4.819372299461573,0.008714449172657623,0.0,0.0,0.0,0.0,0.0
ACT_REF_OFMA,0.0,0.0,0.0,0.0,0.0,0.0,0.0,0.0,0.0,0.0,0.0,0.0,0.0,0.0,0.0,0.0,0.0,0.0,0.0,0.0,0.0,0.0,0.0,0.0,0.0,24.31382191133184,0.36482391455064583,3.4483903659629944,5.396629646350678,1.8392481324706003,0.4355193311212512,2.8389069815264163,0.054619799263442584,0.04236310951245388,0.09385672658891217,0.1901741355654086,2262.702599841402,0.2059236071126393,0.5586886236432427,0.11841635737460772,0.9970124080506589,0.03527231391628745,0.042750452527762564,6.378914879136269,7.405599183414236,40.28976288636406,27.39737778210285,58.43274378841319,168.761691511744,0.4974904855752825,0.00021392995669294868,0.0,0.0,0.0,0.0,0.0
ACT_REF_RATV,0.0,0.0,0.0,0.0,0.0,0.0,0.0,0.0,0.0,0.0,0.0,0.0,0.0,0.0,0.0,0.0,0.0,0.0,0.0,0.0,0.0,0.0,0.0,0.0,0.0,465.311028783542,8.406278881656139,55.399902881499855,108.95168454175192,36.6699845931817,2.854461511921053,41.80460753025955,0.5562717069087488,0.11195942918415944,1.168669491165873,3.4952045845753195,0.22386384603194356,48093.47287374725,10.378779395930243,1.0210493947188342,22.80888792163257,0.14273066401169257,0.3427946095634203,152.08890167014633,131.3428166563483,783.0711975830852,616.9011116339256,1065.125348868872,2967.942537746054,10.46775108446728,0.008996623836310391,0.0,0.0,0.0,0.0,0.0
ACT_REU_ELMA,0.0,0.0,0.0,0.0,0.0,0.0,0.0,0.0,0.0,0.0,0.0,0.0,0.0,0.0,0.0,0.0,0.0,0.0,0.0,0.0,0.0,0.0,0.0,0.0,0.0,40.88744159871137,0.5124032112632486,0.6260683427994609,1.8101673479867624,0.3475111906750407,0.5688005861455053,2.724680332045405,0.1694466276985184,0.06068715003308381,0.16713603083412404,5.7181702989081735,0.23321792158301868,8.944177558900382,8552.5388268554,0.09139162538810461,0.8632386740703852,0.02458920495213773,0.02257547066557757,13.682373648691936,1.5866090143831677,248.04200977092862,49.746804339370144,55.60386073855757,351.02502670368557,4.741186420677946,0.0029864839784750075,0.0,0.0,0.0,0.0,0.0
ACT_REU_OFMA,0.0,0.0,0.0,0.0,0.0,0.0,0.0,0.0,0.0,0.0,0.0,0.0,0.0,0.0,0.0,0.0,0.0,0.0,0.0,0.0,0.0,0.0,0.0,0.0,0.0,2.3668135216899975,0.05997315364369132,0.0379135387483403,0.16506035655363727,0.052345583515670174,0.0840667437447469,0.324181006152147,0.0370265979469067,0.039856195055523486,0.04168046401506959,0.14798868382062944,0.04138244432074705,0.32578433208005797,0.037780858201272874,581.7319743004332,0.07112370355894226,0.02227855438933762,0.021067559729858087,1.064870244008071,0.0651079486170533,13.70551679502903,2.9538303061289106,4.4524440897923725,29.977669086225646,0.49365751008834213,4.690295281446419e-5,0.0,0.0,0.0,0.0,0.0
ACT_REU_RATV,0.0,0.0,0.0,0.0,0.0,0.0,0.0,0.0,0.0,0.0,0.0,0.0,0.0,0.0,0.0,0.0,0.0,0.0,0.0,0.0,0.0,0.0,0.0,0.0,0.0,42.8031114362555,1.0248112432089744,0.7083561145382876,3.199995205226528,0.3983280109645982,0.3403732904950477,3.0138208065938947,0.1592268588724281,0.060703388253390625,0.2063449213878529,9.033838891834591,0.34532151506862324,14.288961615737055,0.4167780214023752,0.08391098534935293,13968.096342692477,0.024622869025497585,0.022992227659794594,17.886695578792356,1.3961545137551858,391.04011317091846,75.45318219825347,65.72346940185713,499.93676764222533,3.265092888703115,0.0034912057303131405,0.0,0.0,0.0,0.0,0.0
ACT_REC_EE,0.0,0.0,0.0,0.0,0.0,0.0,0.0,0.0,0.0,0.0,0.0,0.0,0.0,0.0,0.0,0.0,0.0,0.0,0.0,0.0,0.0,0.0,0.0,0.0,0.0,0.7233088594361814,0.28889342542749497,1.6475801542044535,0.20677543448192567,0.3668731705003856,0.02770682364631384,0.011702594643305255,0.02459625715747313,0.0323242323316245,0.025157702146233512,0.18706586196442743,0.05156008341765124,0.16004896837607058,0.035582857037747065,0.04372298728999237,0.032214144247135784,468.77238811902674,175.13427215064286,7.302456827400011,16.57781802427752,10.737745287146064,0.804083142275469,1.343522458424621,29.969187073237364,0.12373211277642275,0.0004235206691305393,0.0,0.0,0.0,0.0,0.0
ACT_INC_EE,0.0,0.0,0.0,0.0,0.0,0.0,0.0,0.0,0.0,0.0,0.0,0.0,0.0,0.0,0.0,0.0,0.0,0.0,0.0,0.0,0.0,0.0,0.0,0.0,0.0,2.21489504032625,0.8500534751510481,4.7268921687536904,0.5084050112000055,0.14322655165943693,0.02799946105949809,0.013232232817738257,0.024594546865001295,0.032318360947192815,0.025152742178823108,0.14321808575556588,0.05061241309713377,0.208052283583951,0.0310078889777545,0.04426613635638926,0.04509760841599189,175.13534816161072,449.1104375178854,5.635474696737272,13.838409723817604,8.633091155535622,2.1991626116537675,3.120541002453301,22.988340419688704,0.40202485471100236,0.00018384464023313285,0.0,0.0,0.0,0.0,0.0
ACT_CONSTRUCTION,0.0,0.0,0.0,0.0,0.0,0.0,0.0,0.0,0.0,0.0,0.0,0.0,0.0,0.0,0.0,0.0,0.0,0.0,0.0,0.0,0.0,0.0,0.0,0.0,0.0,551.6462302361723,2660.953320490048,300.41179598801733,2680.6255284708927,639.5080813528234,11.72036182703112,267.0649404078871,0.9124565283064686,0.15787370432975448,2.762937576882075,290.47911555543817,19.752143174595396,329.6106792913503,37.961040502374814,7.545510823667045,143.819207043741,2.800382752983636,1.8421208739989596,2.201412068172769e6,1071.8280291113804,8243.178155712454,2327.05636768326,8054.030570314181,58956.820644230684,147.40947495651633,0.7816677982045803,0.0,0.0,0.0,0.0,0.0
ACT_UTIL_WASTE,0.0,0.0,0.0,0.0,0.0,0.0,0.0,0.0,0.0,0.0,0.0,0.0,0.0,0.0,0.0,0.0,0.0,0.0,0.0,0.0,0.0,0.0,0.0,0.0,0.0,847.5782518550936,2421.4376547860215,1671.0217869384571,262.699893566138,829.3315211912696,2.326772204245615,41.26563582951393,0.06102540928870185,0.023600260913036783,0.16382790001360475,99.64779328999865,8.783500114874938,167.3744273654494,38.775447772329215,2.8532718977408082,53.63904273900081,57.383757034886415,40.15259810448901,23640.648741238452,1.1701296073460162e6,6796.142012319951,2408.431547685645,2272.192864384296,26351.91566635049,1220.985266707082,0.24780071308487095,0.0,0.0,0.0,0.0,0.0
ACT_TRADE,0.0,0.0,0.0,0.0,0.0,0.0,0.0,0.0,0.0,0.0,0.0,0.0,0.0,0.0,0.0,0.0,0.0,0.0,0.0,0.0,0.0,0.0,0.0,0.0,0.0,21906.003432426678,278.5432098853094,2219.160343735112,2974.3869333010643,982.9500482342767,268.2988709425462,1800.2195654835537,39.53757803819781,4.190611241327514,54.72307493437133,753.4298676900552,60.46313027104901,1285.37689558868,467.61872232045397,56.18863916589249,856.0068003371789,5.967397241577362,9.681719022038322,5669.808909713969,3699.579525036023,2.9893530730394702e6,28373.635906544874,45413.48221437567,156563.1342458546,1441.6433089955124,0.785942712900578,0.0,0.0,0.0,0.0,0.0
ACT_TRANSPORT,0.0,0.0,0.0,0.0,0.0,0.0,0.0,0.0,0.0,0.0,0.0,0.0,0.0,0.0,0.0,0.0,0.0,0.0,0.0,0.0,0.0,0.0,0.0,0.0,0.0,364.39385051479894,290.0056658783522,5.888085200739752,222.72267017779427,17.433861148387813,0.5036450638917966,9.107858542883267,0.5301503760010204,0.06200254222181553,1.1704837997642557,179.14930015283528,13.874838353083062,292.0315512929072,103.46651058077573,16.704769222168533,253.01380247821464,0.9641651690497187,1.3133977909882915,6321.158402748032,1394.355830614205,16991.478998650924,1.8956597184702607e6,2600.896547769005,44364.88055526483,2484.5860952351427,0.39860116940690205,0.0,0.0,0.0,0.0,0.0
ACT_OTHER_MANUFACTURING,0.0,0.0,0.0,0.0,0.0,0.0,0.0,0.0,0.0,0.0,0.0,0.0,0.0,0.0,0.0,0.0,0.0,0.0,0.0,0.0,0.0,0.0,0.0,0.0,0.0,7844.72340248902,18362.32342349767,6890.376061371033,35297.24492929837,15058.083689604986,611.7333609178321,8254.033149164747,5.886118781536307,0.6915935306754954,10.463083213387467,2414.945998026956,153.1651842530341,3440.1745809123677,487.7303801356448,39.58368356535152,730.6865943580492,8.338759709654896,6.5314569203492,7103.073083414471,6457.07129686753,126389.47446371813,5658.94505800225,4.59288939943704e6,246920.2793489342,2363.233977723915,1.418571284855716,0.0,0.0,0.0,0.0,0.0
ACT_OTHER_SERVICES,0.0,0.0,0.0,0.0,0.0,0.0,0.0,0.0,0.0,0.0,0.0,0.0,0.0,0.0,0.0,0.0,0.0,0.0,0.0,0.0,0.0,0.0,0.0,0.0,0.0,3007.80467278618,1054.4958859211567,210.66812885404917,5737.843710945085,1580.3490620482385,1055.1544606348148,10611.365999745734,30.939445438553115,2.1326674312092107,76.1008343354865,744.5485625715131,105.11324530625487,1886.9527872723381,556.6885377991936,94.30156593597624,1748.7748769649006,2.5274470950992614,3.521606745395983,31135.96386582395,3053.235055081958,80645.35714505307,5727.564338301398,31169.468209806182,1.0483152368900111e7,24134.306613787507,1.9941162650939077,0.0,0.0,0.0,0.0,0.0
ACT_PUBLIC_SOCIAL,0.0,0.0,0.0,0.0,0.0,0.0,0.0,0.0,0.0,0.0,0.0,0.0,0.0,0.0,0.0,0.0,0.0,0.0,0.0,0.0,0.0,0.0,0.0,0.0,0.0,1118.8609925446328,166.65515578066146,3.201160313953117,296.71626013928557,97.0302321400655,8.489425972628833,183.1442472212183,0.1528589239204356,0.011456774480884661,0.5130780152740197,20.667148230952918,2.3085490563565814,44.75589424439738,19.1657974591423,2.977725538375765,55.34394684679684,132.48383303882625,85.33503957795328,6106.55113622058,29134.217706804553,3321.800770250014,12051.38359550751,3198.5868439365117,148391.54402631108,4.0945963413784434e6,1.0634767311858013,0.0,0.0,0.0,0.0,0.0
COM_AGRI_FOOD,640757.4989716456,340.0698991648036,305.89421307479233,241.20481202600538,194.17579220327772,17.963766254221472,228.88937444853687,0.6952825723553286,0.10664858212632847,1.761418096895438,185.03449902687,21.405786504908978,339.5475056691841,41.45436285354342,2.86623039433079,42.43235320064424,1.1649338021364442,2.074265772826012,2005.5745524135905,2887.093856820195,21722.23761249834,5694.4257661470965,45157.481587492315,153190.41469921274,35781.72453683831,0.0,0.0,0.0,0.0,0.0,0.0,0.0,0.0,0.0,0.0,0.0,0.0,0.0,0.0,0.0,0.0,0.0,0.0,0.0,0.0,0.0,0.0,0.0,0.0,0.0,0.0,0.0,847551.3189146883,3985.9693450988775,24809.282911229144,147065.98338607373
COM_EXTRACTIVE,3099.6092477330803,22353.617662208377,20491.919388229322,1077.8146959657172,143.37832094856455,2.830772599490132,62.269604203344144,0.21917802644338247,0.029513567461170516,0.5975228242734125,40.2637526482005,5.941585199534965,100.37723951908357,1.9638063104880115,0.07606579614540976,2.821089996651214,0.9705873499852313,0.9392397150269314,16847.138544285724,45556.53810157804,3130.889900494721,1706.397039841736,138750.35226918437,2741.2620996421992,1544.0324717363296,0.0,0.0,0.0,0.0,0.0,0.0,0.0,0.0,0.0,0.0,0.0,0.0,0.0,0.0,0.0,0.0,0.0,0.0,0.0,0.0,0.0,0.0,0.0,0.0,0.0,0.0,0.0,9627.26562065129,280.2316539009559,7022.513291163688,55287.5701904561
COM_BASIC_METALS,1137.9228294299273,2006.8549344812836,97301.62996992613,65130.39191441514,16021.132773804218,200.84844014446992,3619.6207048225,1.0940908775689722,0.07024581709242673,1.9467935812375874,130.3542733646355,4.141292406304214,120.0181025204139,4.601486841679588,0.288604782931499,5.975835464668838,7.176345869679448,10.93640651376028,38542.73912598258,6029.628314889987,2515.4814375361943,2020.2536239311983,103937.008794398,10625.66071062745,676.2779758144621,0.0,0.0,0.0,0.0,0.0,0.0,0.0,0.0,0.0,0.0,0.0,0.0,0.0,0.0,0.0,0.0,0.0,0.0,0.0,0.0,0.0,0.0,0.0,0.0,0.0,0.0,0.0,298.0427068762091,5.239342379060379,2390.9452903857086,76224.66466479102
COM_METAL_COMPONENTS,10171.63396720385,2097.2613906643846,8931.101107700082,83980.01705218914,8343.123555282495,298.9177532713301,4522.162425285867,1.9433080261014277,0.16971633669214325,3.4740231009426714,226.3817036193809,9.07965544862194,241.35262052353704,14.055957052632039,1.0252919227602935,21.566217230966075,9.070133430201436,10.048084919556258,77991.3012637565,8461.838957749136,7551.394397953775,5230.597761705115,147338.93967077418,26051.253930804563,8440.316194568279,0.0,0.0,0.0,0.0,0.0,0.0,0.0,0.0,0.0,0.0,0.0,0.0,0.0,0.0,0.0,0.0,0.0,0.0,0.0,0.0,0.0,0.0,0.0,0.0,0.0,0.0,0.0,21523.49422129472,139.34052752741457,71258.20594579367,56021.78758345946
COM_NEW_ELMA,713.9702678389915,378.75777556688894,790.2452718211543,2000.3833890272824,17981.935303551898,278.92881535500516,3981.8036684074436,1.8583126182636285,0.10450552061154653,2.9899889733630416,66.48315898246345,3.0681137763498674,76.40040436527374,6.323598621538712,0.6328872894558891,13.296287861981764,0.39518427200948025,0.5785650392238422,23754.980042295614,4915.270150588475,2987.221749478985,1832.6252986447496,33873.917608820055,11892.319853403218,1501.141818097874,0.0,0.0,0.0,0.0,0.0,0.0,0.0,0.0,0.0,0.0,0.0,0.0,0.0,0.0,0.0,0.0,0.0,0.0,0.0,0.0,0.0,0.0,0.0,0.0,0.0,0.0,0.0,28440.86807340807,27.705774774565487,31714.774378553786,50448.34215026116
COM_NEW_OFMA,21.8663494990116,15.117771553218791,21.59358736781639,55.58702466878679,128.48974643187572,69.75336778532235,917.0926182609018,0.1729660102667685,0.013137883188450203,0.26442974278804154,2.02738531431344,0.15120146947578592,2.8027730905754464,0.23315017105451652,0.016504724832863873,0.4197549175036879,0.0057566543250364005,0.007170710935877475,252.77857037208193,88.76029641743104,124.06939651056146,77.48186999180416,1046.9060102229166,1113.0926860352506,544.5447817612873,0.0,0.0,0.0,0.0,0.0,0.0,0.0,0.0,0.0,0.0,0.0,0.0,0.0,0.0,0.0,0.0,0.0,0.0,0.0,0.0,0.0,0.0,0.0,0.0,0.0,0.0,0.0,1465.1317685662216,27.020856796981178,2770.7188804595758,3781.2806148236336
COM_NEW_RATV,379.8505750686791,263.7034080841133,320.3547516716729,921.5068699467826,2952.2643951341984,1040.378936915074,19979.82855114562,2.6733157285364495,0.23997475344038333,4.8755964365401185,59.604486133941734,2.8124511511768864,73.24390980109843,4.7852808897508305,0.4367680874653408,9.438851139135403,0.18694476988761305,0.2766187324574922,2954.71472577518,1372.5694571061238,2331.7662166509513,953.5931412998146,22707.627929720293,18937.716217244928,10170.32805777872,0.0,0.0,0.0,0.0,0.0,0.0,0.0,0.0,0.0,0.0,0.0,0.0,0.0,0.0,0.0,0.0,0.0,0.0,0.0,0.0,0.0,0.0,0.0,0.0,0.0,0.0,0.0,35274.68644755408,757.0772837949518,49979.864599623616,78254.23194500573
COM_REP_ELMA,3.8988973567295178,0.7176524611831531,1.4048838113458613,1.053703935198877,0.9126019005635296,0.04280246390921684,1.7684818076927833,0.00040530048867577426,0.0,0.020523433854018842,0.09806447783607927,0.0,0.18636149318935458,0.04944059835162653,0.0,0.07555891374224627,0.0,0.0,2.5979558452956577,2.5955584714942,16.486800514916702,5.58796026686359,21.230145544283122,42.756927172838,24.46243327337964,0.0,0.0,0.0,0.0,0.0,0.0,0.0,0.0,0.0,0.0,0.0,0.0,0.0,0.0,0.0,0.0,0.0,0.0,0.0,0.0,0.0,0.0,0.0,0.0,0.0,0.0,0.0,117.14216035490507,0.008978289796053503,11.090565502214929,10.411858681897348
COM_REP_OFMA,0.19233283713506225,0.09594029954084528,0.13012955175461313,0.1036561902687122,0.040597571779102413,0.0,0.09972880312797111,0.0,0.0,0.0,0.0,0.0,0.00925509113419292,0.0,0.0,0.0,0.0,0.0,0.21115452798003448,0.2813965681724604,0.9285322758299442,0.4264294883562312,1.4499171557903225,3.5681347997360024,3.8999965878542073,0.0,0.0,0.0,0.0,0.0,0.0,0.0,0.0,0.0,0.0,0.0,0.0,0.0,0.0,0.0,0.0,0.0,0.0,0.0,0.0,0.0,0.0,0.0,0.0,0.0,0.0,0.0,11.332653412535322,0.0017912785032847766,0.6607836879211424,1.7350190110345374
COM_REP_RATV,6.745276980956658,1.8394324547118028,3.230292611076332,2.114919223321117,1.7564647432941367,0.10261722443953498,4.423934634895875,0.01993455858365681,0.0,0.07771608487440312,0.11442830413604432,0.011465045541648131,0.30330184390261283,0.127442634418023,0.0,0.2129686733796749,0.0,0.0,5.340436029585262,5.605967987362061,24.829491543642888,13.484152234847514,37.24958921606063,89.30417654711562,54.811990439297055,0.0,0.0,0.0,0.0,0.0,0.0,0.0,0.0,0.0,0.0,0.0,0.0,0.0,0.0,0.0,0.0,0.0,0.0,0.0,0.0,0.0,0.0,0.0,0.0,0.0,0.0,0.0,236.02265399899593,0.024362754800114007,11.612651146553162,22.508375438930898
COM_REF_ELMA,2068.9160498802253,194.27028718300767,509.1117633458354,566.4694599164067,287.4420247306021,15.085259124083535,398.12219628147574,0.07276280513104952,0.0,0.2117171742712079,32.39575193424966,2.5498998536705684,57.32681938186437,3.81899275956114,0.17968755101766376,6.501864471282916,0.3478009259190513,0.2859455215521774,1679.8007324478256,749.2548075716494,2226.1231965057605,870.9824931026404,5199.062406498272,3057.8259540587405,1242.5441534427152,0.0,0.0,0.0,0.0,0.0,0.0,0.0,0.0,0.0,0.0,0.0,0.0,0.0,0.0,0.0,0.0,0.0,0.0,0.0,0.0,0.0,0.0,0.0,0.0,0.0,0.0,0.0,5981.838057797341,269.78870609362247,3084.005232491858,3994.44776765775
COM_REF_OFMA,186.48344351631334,14.858086022778846,36.85368676445234,40.414487998730856,19.559253026251067,1.7476894295379106,30.762413508065098,0.0,0.0,0.013141769985867698,2.421817766309748,0.2876594260633163,5.402713323343629,0.21524399692793486,0.01368123463221587,0.39491002666874975,0.0051237291667041406,0.017152865970732654,142.23519195559822,57.453026669271416,208.58913949600003,59.76186293638907,403.6663716751353,265.7860509041872,96.30851078737291,0.0,0.0,0.0,0.0,0.0,0.0,0.0,0.0,0.0,0.0,0.0,0.0,0.0,0.0,0.0,0.0,0.0,0.0,0.0,0.0,0.0,0.0,0.0,0.0,0.0,0.0,0.0,539.8063209669841,15.99705765759838,216.8162388725866,376.789461783042
COM_REF_RATV,3925.0598543352003,294.0373282676859,811.1720834564914,929.868473012981,470.97836310772533,32.11020802383039,742.436064379176,0.1520427220219297,0.006094695036043783,0.4265834478342903,56.82205843194553,5.583222519291718,118.65526775633347,6.446871877433113,0.3360229117336871,11.116336097238003,0.35555364302380776,0.4706928591890712,3161.682353477623,1224.2993437315224,4264.266256396535,1239.199380178932,8923.058698280289,5431.993530794862,2194.6846006793585,0.0,0.0,0.0,0.0,0.0,0.0,0.0,0.0,0.0,0.0,0.0,0.0,0.0,0.0,0.0,0.0,0.0,0.0,0.0,0.0,0.0,0.0,0.0,0.0,0.0,0.0,0.0,10588.796412744792,440.04044097247396,4526.75965956122,8234.596555905888
COM_REU_ELMA,313.5411032446096,45.113703997331534,38.0175979755058,69.09471863640051,45.94243079746199,2.097430200607972,68.94371754212736,0.0072151045466049,0.0,0.052287754268026676,5.5774471545251245,0.2567256545160311,7.0858386562181215,5.625118628560895,0.15085246614838915,5.712632967229412,0.1696521149896797,0.08815691478695098,438.3686751586718,165.73208647412946,448.221218583945,426.26700953240106,812.5433583854439,1297.6930795618566,404.2757502814651,0.0,0.0,0.0,0.0,0.0,0.0,0.0,0.0,0.0,0.0,0.0,0.0,0.0,0.0,0.0,0.0,0.0,0.0,0.0,0.0,0.0,0.0,0.0,0.0,0.0,0.0,0.0,5112.062045290354,174.29515525883946,178.315847274149,371.6051145051151
COM_REU_OFMA,20.251502110232032,12.5634977701595,3.023707446379945,4.995162575397709,2.346046414859776,0.3434805392148311,5.818061804665648,0.0,0.0,0.0014398199321311936,0.4003006636187273,0.0473944456121507,0.8672899362878418,0.1908388404834908,0.0321165979499065,0.6784765836136398,0.0010016082373316276,0.006007644753828194,47.583130545127815,12.718820400188836,52.29460989474409,69.2620466138557,73.14021490061197,146.69974591550132,27.939376325748675,0.0,0.0,0.0,0.0,0.0,0.0,0.0,0.0,0.0,0.0,0.0,0.0,0.0,0.0,0.0,0.0,0.0,0.0,0.0,0.0,0.0,0.0,0.0,0.0,0.0,0.0,0.0,260.7517457027951,4.433265619525946,14.15685173303159,63.33688484787177
COM_REU_RATV,497.2795482240371,220.50973258441584,65.86476611123805,109.06066538223473,69.52671843508928,5.887713504550442,158.20892195714717,0.036434473820812274,0.0,0.13885947038082636,8.866861357662147,0.860835845884797,18.147891015699614,5.703744427915425,0.6694699353777812,14.51655079704966,0.1444869231323641,0.20199412440656064,895.2629299689729,259.644746713003,882.5789812114847,1210.505891042584,1631.5783289457313,2800.2854851325283,738.7946969732529,0.0,0.0,0.0,0.0,0.0,0.0,0.0,0.0,0.0,0.0,0.0,0.0,0.0,0.0,0.0,0.0,0.0,0.0,0.0,0.0,0.0,0.0,0.0,0.0,0.0,0.0,0.0,6971.212804564441,227.47834515055663,293.1382663555481,1120.656240355774
COM_REC_EE,32.307267247695236,3.187162127092665,70.3462667171831,20.05600406191795,2.4055554480706167,0.17085232031335051,1.24703610122069,0.0,0.0,0.0,0.18246198212244866,0.00394795275453199,0.1769959678091778,0.06844105615936198,0.0,0.08525849965178608,0.6718024567324871,0.36500071949843993,27.0113499920319,151.85892113378318,31.33925336412422,11.180257442596135,100.35543474674972,76.29263009765324,117.84526317236158,0.0,0.0,0.0,0.0,0.0,0.0,0.0,0.0,0.0,0.0,0.0,0.0,0.0,0.0,0.0,0.0,0.0,0.0,0.0,0.0,0.0,0.0,0.0,0.0,0.0,0.0,0.0,175.07985490021346,40.062048915369715,-1.8127138231559985,22.16390126935356
COM_INC_EE,20.58224408452942,2.492910389023267,83.73559567664994,16.90528819964213,1.4985669750035666,0.09094106975009734,0.9422389438457802,0.0,0.0,0.0,0.164067993391426,0.01006762072448042,0.3074431594248775,0.04158002222585173,0.0,0.06944509530871165,0.3592442722022581,0.316710392337201,23.22346156490859,145.27988664059683,28.64019942681312,9.5433187583241,67.91813818250745,79.59704768911391,83.32052984450056,0.0,0.0,0.0,0.0,0.0,0.0,0.0,0.0,0.0,0.0,0.0,0.0,0.0,0.0,0.0,0.0,0.0,0.0,0.0,0.0,0.0,0.0,0.0,0.0,0.0,0.0,0.0,139.29356188823292,65.8706472192831,-6.007351409105287,27.23689199281661
COM_CONSTRUCTION,9685.650944219915,4157.409999736241,3019.005997379813,4188.497153082363,1138.8814662858526,28.94895942985042,812.396293810383,1.1343197777688734,0.10026065608779772,2.5900157298626887,228.8595340016509,21.44251199642519,427.34778497928227,83.58987488904233,4.336901597442134,121.30961560991162,18.464907746816692,15.355348073877536,420404.326557295,32624.121121979693,24423.214090915255,20680.826981428036,23598.752052868847,186253.01126042925,66763.84072103734,0.0,0.0,0.0,0.0,0.0,0.0,0.0,0.0,0.0,0.0,0.0,0.0,0.0,0.0,0.0,0.0,0.0,0.0,0.0,0.0,0.0,0.0,0.0,0.0,0.0,0.0,0.0,50522.33986822373,5699.031971218187,1.4250648611849076e6,11362.245381715637
COM_UTIL_WASTE,37119.82636761421,10099.510505480617,53595.90517797585,14322.737532826617,2449.758747819465,134.84640570597955,2210.3913280003267,2.3081822016111717,0.2949818207607786,4.714120075595741,297.5179924379943,27.671162579207355,558.994699235163,167.5164949695312,8.716704780767847,232.5267414209621,135.5378226978251,138.9280132478577,16690.30540857966,377880.96997215535,48088.29140212057,25155.668317853986,105301.07394245913,114953.89124914096,72593.30145454872,0.0,0.0,0.0,0.0,0.0,0.0,0.0,0.0,0.0,0.0,0.0,0.0,0.0,0.0,0.0,0.0,0.0,0.0,0.0,0.0,0.0,0.0,0.0,0.0,0.0,0.0,0.0,311300.3335913102,29040.490981029157,-8059.045713844933,12228.504061617568
COM_TRADE,152649.03789223035,8375.13505392313,25537.090760465107,31753.92411124402,17738.521550332647,1124.294455009717,25570.360630352963,11.391286980318467,0.9035496925777606,24.079192157295648,1958.7077893293622,190.26083890021437,3812.348034689937,298.45291043788086,26.874016405597654,633.782209050441,26.44863899633809,26.68026483821866,117978.3933378525,40185.077772124525,179231.40017232354,69109.22784825446,371021.4540001724,233198.1483128434,102001.40968722913,0.0,0.0,0.0,0.0,0.0,0.0,0.0,0.0,0.0,0.0,0.0,0.0,0.0,0.0,0.0,0.0,0.0,0.0,0.0,0.0,0.0,0.0,0.0,0.0,0.0,0.0,0.0,1.398790816429144e6,45826.79359242166,186346.6662032973,280681.51943422225
COM_TRANSPORT,65261.61209644481,17972.684627538933,19439.181236941033,12245.71218143002,6746.59220283436,234.37256555619936,6479.381700463119,3.5731462244150394,0.3763047019523466,6.839323613873623,3505.109372404643,256.40853977138664,5953.316399385147,450.089627639987,21.26473103020075,696.3369454843051,23.192610281446473,21.704038093495765,31614.684392997424,26809.430320908392,261417.24132261955,451707.4218909461,177480.97256143158,149875.31634609442,60006.778661637305,0.0,0.0,0.0,0.0,0.0,0.0,0.0,0.0,0.0,0.0,0.0,0.0,0.0,0.0,0.0,0.0,0.0,0.0,0.0,0.0,0.0,0.0,0.0,0.0,0.0,0.0,0.0,351466.65596427716,67312.61152387848,11519.318735757888,230745.7407118731
COM_OTHER_MANUFACTURING,111102.17971496312,15789.031500059313,21813.45815623686,29439.72191339149,27484.76025944329,1227.0897959677684,21601.984473515706,11.977176470826532,1.4590532066405237,20.95984845840014,1104.5365538193985,74.52147799077562,1629.2786326340133,218.15732709444327,17.89929670358106,405.40028937480866,30.54811932134993,29.193989520955082,278360.6818199239,38606.64857398988,112320.16693677739,111766.90260965857,1.2105968774821262e6,220459.1415488983,136370.70706447103,0.0,0.0,0.0,0.0,0.0,0.0,0.0,0.0,0.0,0.0,0.0,0.0,0.0,0.0,0.0,0.0,0.0,0.0,0.0,0.0,0.0,0.0,0.0,0.0,0.0,0.0,0.0,789657.5832080662,70812.31719509908,558838.3682636166,1.0188572481400053e6
COM_OTHER_SERVICES,175577.94743286588,37655.49033384843,35760.78581985797,56922.66333678552,26234.745098524512,1378.475582173218,27744.30006411437,32.718695722887105,3.9606746267537023,66.2981132736837,5425.711827394633,486.02920451518634,9725.49057581291,2223.379164030243,136.85056629117992,3324.6916569159803,136.01761603484726,109.72466067951396,268377.2329403722,148122.6961811071,651434.6782486951,295593.8878270367,536924.96623516,2.845038753964935e6,461580.3973636962,0.0,0.0,0.0,0.0,0.0,0.0,0.0,0.0,0.0,0.0,0.0,0.0,0.0,0.0,0.0,0.0,0.0,0.0,0.0,0.0,0.0,0.0,0.0,0.0,0.0,0.0,0.0,3.98547677134515e6,222728.80180031943,908938.9373766526,573637.6694069435
COM_PUBLIC_SOCIAL,6235.960850968414,3142.95971061004,1661.836652108259,2109.081668422544,1152.121562348874,54.613728085036456,1210.9247754204105,0.872673010415344,0.07884266263399331,1.718902820194454,137.40201628792053,14.419247250707835,270.9387993775696,42.383690681747666,3.0037125013490646,70.53800601544177,5.603660310216308,5.525787677060227,11087.9241371112,15665.02071663466,16264.317476141065,15144.63957031532,22043.068630938837,82323.742141611,159879.7487440015,0.0,0.0,0.0,0.0,0.0,0.0,0.0,0.0,0.0,0.0,0.0,0.0,0.0,0.0,0.0,0.0,0.0,0.0,0.0,0.0,0.0,0.0,0.0,0.0,0.0,0.0,0.0,661664.7485756788,3.1031835915118996e6,5313.797521285257,18193.928236043248
CAP,443128.5386143764,187179.90444995667,52473.05959579402,75760.92684106408,26851.71769292399,3261.883034618263,66927.03790081442,54.162084619252504,6.428540449100231,112.79788390585111,6813.892536729569,620.9259514258035,12142.931337240063,2683.4278407398388,239.59571059826527,4828.625015228878,146.98911492175765,161.3316519499726,400184.48443887837,287947.3972599237,745204.3025399954,371524.06360237795,745767.2776923146,3.4459090347398706e6,613798.5722413984,0.0,0.0,0.0,0.0,0.0,0.0,0.0,0.0,0.0,0.0,0.0,0.0,0.0,0.0,0.0,0.0,0.0,0.0,0.0,0.0,0.0,0.0,0.0,0.0,0.0,0.0,0.0,0.0,0.0,0.0,0.0
LAB,248283.162,54383.346999999994,56410.070999999996,142868.02200000003,50956.31882961267,2331.381982805668,52080.48977878945,62.58958502220996,4.707308268813887,131.0813754873495,8535.51006890769,666.8438633777035,15027.068727217847,2723.7051041958225,141.76581801703622,3993.3338930902955,147.77659505984337,139.54580874800098,464862.436,161700.36059619216,991144.4251659248,459726.867,846713.6104087923,2.588010101090491e6,2.317949938e6,0.0,0.0,0.0,0.0,0.0,0.0,0.0,0.0,0.0,0.0,0.0,0.0,0.0,0.0,0.0,0.0,0.0,0.0,0.0,0.0,0.0,0.0,0.0,0.0,0.0,0.0,0.0,0.0,0.0,0.0,0.0
HH,0.0,0.0,0.0,0.0,0.0,0.0,0.0,0.0,0.0,0.0,0.0,0.0,0.0,0.0,0.0,0.0,0.0,0.0,0.0,0.0,0.0,0.0,0.0,0.0,0.0,0.0,0.0,0.0,0.0,0.0,0.0,0.0,0.0,0.0,0.0,0.0,0.0,0.0,0.0,0.0,0.0,0.0,0.0,0.0,0.0,0.0,0.0,0.0,0.0,0.0,7.493721785747852e6,8.468994458999999e6,0.0,0.0,0.0,-384962.159
GOV,-27895.261,-32735.458,-862.7989999999984,6981.689000000001,2813.0341340209807,-40.865357723189284,-363.1544314652154,3.236339325344752,0.3925869292494402,6.696999424407442,497.1839395975768,92.46981524837341,1732.3134652740569,187.26092097509968,16.481153690962703,319.87311807603294,8.928761913697576,-1.6903755631008266,44973.384,-20911.444386350595,93569.12189764432,48456.399999999994,58188.69865516741,304976.1437638146,179928.12099999996,0.0,0.0,0.0,0.0,0.0,0.0,0.0,0.0,0.0,0.0,0.0,0.0,0.0,0.0,0.0,0.0,0.0,0.0,0.0,0.0,0.0,0.0,0.0,0.0,0.0,0.0,0.0,1.1380247640000002e6,26784.954999999998,1.77172859462524e6,0.0
INV,0.0,0.0,0.0,0.0,0.0,0.0,0.0,0.0,0.0,0.0,0.0,0.0,0.0,0.0,0.0,0.0,0.0,0.0,0.0,0.0,0.0,0.0,0.0,0.0,0.0,0.0,0.0,0.0,0.0,0.0,0.0,0.0,0.0,0.0,0.0,0.0,0.0,0.0,0.0,0.0,0.0,0.0,0.0,0.0,0.0,0.0,0.0,0.0,0.0,0.0,0.0,0.0,5.181768920898217e6,0.0,298441.9508539453,221547.65391491808
EXT,97119.06865571815,7865.66127424727,42548.673535417336,30707.696217216533,22352.355321259773,1793.3692140047249,37989.9843007822,9.791332470409873,0.7348860767743775,18.997799519624724,1097.1627037877804,105.63889472581387,2137.8295064211634,167.07307391197202,14.808645169277801,337.2009244908094,14.098343166417738,17.240838283745727,64856.349579771246,58647.989227499864,92893.37228906833,81292.32915896625,479679.37255116244,278688.7343642909,64519.233659600824,0.0,0.0,0.0,0.0,0.0,0.0,0.0,0.0,0.0,0.0,0.0,0.0,0.0,0.0,0.0,0.0,0.0,0.0,0.0,0.0,0.0,0.0,0.0,0.0,0.0,0.0,0.0,734767.0058431254,18629.89146589119,345350.03528761194,0.0
