instrument,wedge_percent,parameter,value,valid_parameter_configurations,median_reduction_percent,lower_quartile_reduction_percent,upper_quartile_reduction_percent,minimum_reduction_percent,maximum_reduction_percent,median_reduction_tonnes,lower_quartile_reduction_tonnes,upper_quartile_reduction_tonnes
recycling_support,0.25,Armington elasticity,0.5,243,3.088401934637735e-6,1.7442844258817767e-6,5.967224254092291e-6,-5.38143949731406e-6,4.15452275091011e-5,15.689355552196503,8.861119478940964,30.314028084278107
recycling_support,0.25,Armington elasticity,1.0,243,3.1436937349595545e-6,1.425482471913263e-6,5.921896287495275e-6,-5.336858030669238e-6,3.725417493982918e-5,15.9702427983284,7.241577297449112,30.083757996559143
recycling_support,0.25,Armington elasticity,2.0,243,2.9610734286478685e-6,9.151811576508907e-7,5.671985693607173e-6,-5.0303398164835325e-6,0.00016117809512945357,15.042515456676483,4.649201393127441,28.81419003009796
recycling_support,0.25,CET transformation elasticity,0.5,243,4.119292438690262e-6,1.772227751550893e-6,6.969820293325272e-6,-5.38143949731406e-6,4.15452275091011e-5,20.926370680332184,9.003074049949646,35.40730482339859
recycling_support,0.25,CET transformation elasticity,1.0,243,3.180286722863069e-6,1.9386421310195843e-6,6.191111785025676e-6,-3.4023331594528396e-6,4.5871741935341074e-5,16.15613842010498,9.848473846912384,31.451396584510803
recycling_support,0.25,CET transformation elasticity,2.0,243,1.6586806080474591e-6,9.832230138326655e-7,4.36656042814485e-6,-4.206534117827931e-6,0.00016117809512945357,8.426244497299194,4.994860053062439,22.18251398205757
recycling_support,0.25,Circular-service elasticity,0.5,243,3.1435497946003592e-6,1.5150472074179239e-6,6.292051217341339e-6,-3.535377838879119e-6,4.5871741935341074e-5,15.969511568546295,7.696574091911316,31.96417784690857
recycling_support,0.25,Circular-service elasticity,1.0,243,3.121789410164926e-6,1.4681562477461619e-6,5.802189393019046e-6,-5.38143949731406e-6,3.725417493982918e-5,15.858966886997223,7.458363860845566,29.47563636302948
recycling_support,0.25,Circular-service elasticity,2.0,243,3.1401968806317986e-6,1.5775347174706549e-6,5.558939208651818e-6,-5.336858030669238e-6,0.00016117809512945357,15.952478468418121,8.014016181230545,28.23990386724472
recycling_support,0.25,Metal-substitution elasticity,0.5,243,1.3678480563252212e-6,2.2335201366273192e-8,1.7811047111938583e-6,-5.38143949731406e-6,1.507277445747233e-5,6.948789358139038,0.11346480250358582,9.048169791698456
recycling_support,0.25,Metal-substitution elasticity,1.0,243,3.5055041483887783e-6,2.097268976852872e-6,4.631711153416568e-6,-4.206534117827931e-6,0.00016117809512945357,17.808271765708923,10.654312282800674,23.529503166675568
recycling_support,0.25,Metal-substitution elasticity,2.0,243,6.470006567732421e-6,4.773015331991351e-6,8.762107497303666e-6,5.797897604943492e-7,3.882826724992794e-5,32.868206799030304,24.24734091758728,44.51228266954422
recycling_support,0.25,Post-use activity productivity elasticity,0.5,243,2.9973588126716742e-6,1.5150472074179239e-6,5.398358637608065e-6,-4.293475103819092e-6,2.16601210112525e-5,15.226848423480988,7.696574091911316,27.424140334129333
recycling_support,0.25,Post-use activity productivity elasticity,1.0,243,3.621096458184258e-6,1.5321081585326256e-6,6.082457399370072e-6,-5.38143949731406e-6,0.00016117809512945357,18.39549094438553,7.783245235681534,30.89942267537117
recycling_support,0.25,Post-use activity productivity elasticity,2.0,243,2.9610734286478685e-6,1.5051493483134376e-6,6.033429339538996e-6,-4.747832104948514e-6,4.5871741935341074e-5,15.042515456676483,7.646292090415955,30.65035578608513
recycling_support,0.25,Post-use allocation elasticity,0.5,243,2.888790928507584e-6,1.3202431088251172e-6,5.460443659065939e-6,-4.4677045483913584e-6,3.000327447650631e-5,14.675313949584961,6.706952005624771,27.739537745714188
recycling_support,0.25,Post-use allocation elasticity,1.0,243,2.959216565161934e-6,1.4901764534469913e-6,5.7290718264282285e-6,-4.747832104948514e-6,4.5871741935341074e-5,15.03308242559433,7.570228457450867,29.10419264435768
recycling_support,0.25,Post-use allocation elasticity,2.0,243,3.934197092685776e-6,1.6896018670925493e-6,6.224588038245129e-6,-5.38143949731406e-6,0.00016117809512945357,19.986069917678833,8.583327233791351,31.621458917856216
recycling_support,0.5,Armington elasticity,0.5,243,5.291132280407591e-6,2.5109432558775366e-6,1.8307881067941742e-5,-1.2872130460800252e-5,9.776772201169345e-5,26.879420936107635,12.755814284086227,93.00565844774246
recycling_support,0.5,Armington elasticity,1.0,243,5.990402300883812e-6,1.817432369191616e-6,1.7557766039791307e-5,-3.951972987867825e-6,0.00013461346243948645,30.431774616241455,9.232717514038086,89.19500762224197
recycling_support,0.5,Armington elasticity,2.0,243,6.305504337613214e-6,1.4035063001354628e-6,1.7759354876565753e-5,-6.596243905365034e-6,0.00016142549262181943,32.0325208902359,7.129936397075653,90.2190967798233
recycling_support,0.5,CET transformation elasticity,0.5,243,6.588686954376563e-6,3.0903410170728456e-6,2.0461433107037355e-5,-3.1782059000049566e-6,0.00013461346243948645,33.47111368179321,15.69920626282692,103.94589367508888
recycling_support,0.5,CET transformation elasticity,1.0,243,5.8407506491780345e-6,3.1873917189580273e-6,1.7848984694983253e-5,-3.022352610541035e-6,8.157403553164558e-5,29.671530961990356,16.19223242998123,90.67442420125008
recycling_support,0.5,CET transformation elasticity,2.0,243,4.343929273761009e-6,1.0560140981578758e-6,1.4849828024047484e-5,-1.2872130460800252e-5,0.00016142549262181943,22.06754571199417,5.364645212888718,75.43844249844551
recycling_support,0.5,Circular-service elasticity,0.5,243,5.753606306950836e-6,2.1882300910638884e-6,1.753722778151522e-5,-3.022352610541035e-6,7.326889689359692e-5,29.228829979896545,11.116402804851532,89.09067144989967
recycling_support,0.5,Circular-service elasticity,1.0,243,5.885763549711796e-6,2.3024811320216003e-6,1.827010185683762e-5,-4.458891627424576e-6,9.776772201169345e-5,29.900200486183167,11.696808218955994,92.81373670697212
recycling_support,0.5,Circular-service elasticity,2.0,243,5.832457417674175e-6,1.8041747323176906e-6,1.778095854927922e-5,-1.2872130460800252e-5,0.00016142549262181943,29.629400610923767,9.165367543697357,90.32884535193443
recycling_support,0.5,Metal-substitution elasticity,0.5,243,1.234343689962926e-6,-1.7413983383756727e-7,2.8415709053116538e-6,-6.596243905365034e-6,6.107378301326683e-5,6.2705753445625305,-0.8846457898616791,14.43543204665184
recycling_support,0.5,Metal-substitution elasticity,1.0,243,5.668652010014377e-6,4.2681966811367765e-6,8.860007896681684e-6,-2.176418076268087e-6,0.00016142549262181943,28.797254621982574,21.682817429304123,45.00962537527084
recycling_support,0.5,Metal-substitution elasticity,2.0,243,1.905892976074992e-5,1.6635291131518862e-5,2.2254665831863078e-5,-1.2872130460800252e-5,0.00013461346243948645,96.8210523724556,84.50875332951546,113.0556748509407
recycling_support,0.5,Post-use activity productivity elasticity,0.5,243,5.557460041946317e-6,2.312406833518704e-6,1.707441000174051e-5,-4.590647378895164e-6,0.00013461346243948645,28.23238956928253,11.747231662273407,86.73951610922813
recycling_support,0.5,Post-use activity productivity elasticity,1.0,243,6.430481129400658e-6,2.412964544637135e-6,1.8647717644459154e-5,-3.951972987867825e-6,0.00016142549262181943,32.66741406917572,12.25807374715805,94.73205837607384
recycling_support,0.5,Post-use activity productivity elasticity,2.0,243,5.182163362539777e-6,1.83851206989964e-6,1.8153942104297454e-5,-1.2872130460800252e-5,9.776772201169345e-5,26.325849175453186,9.339804261922836,92.22363486886024
recycling_support,0.5,Post-use allocation elasticity,0.5,243,5.373021555826903e-6,2.0262414200537287e-6,1.6522397938118413e-5,-1.2872130460800252e-5,0.00013461346243948645,27.295425713062286,10.29348599910736,83.9352459013462
recycling_support,0.5,Post-use allocation elasticity,1.0,243,5.971601399692405e-6,2.147466951024259e-6,1.8908941530538453e-5,-6.596243905365034e-6,8.699488299656157e-5,30.33626437187195,10.909322440624237,96.05909886956215
recycling_support,0.5,Post-use allocation elasticity,2.0,243,7.1088706343256865e-6,2.4964907837860007e-6,1.8107956280510857e-5,-4.590647378895164e-6,0.00016142549262181943,36.11369287967682,12.682394444942474,91.99002280831337
recycling_support,1.0,Armington elasticity,0.5,243,1.7458265483083035e-5,6.167708934087028e-6,4.322511002284494e-5,-5.34810694392784e-6,0.00029412242597329696,88.68953597545624,31.33250802755356,219.5873899459839
recycling_support,1.0,Armington elasticity,1.0,243,1.8243933639159048e-5,6.688351286068826e-6,4.354291245486539e-5,-8.016280162413726e-6,0.005354222276980264,92.6807998418808,33.977417320013046,221.20185446739197
recycling_support,1.0,Armington elasticity,2.0,243,2.1230753079595606e-5,9.745890092775671e-6,4.6524399296877386e-5,-7.47577671011906e-6,0.00022478982684746173,107.85410732030869,49.50998544692993,236.34807187318802
recycling_support,1.0,CET transformation elasticity,0.5,243,2.070766483854196e-5,9.241442973013592e-6,4.836554912548392e-5,2.1627027470668364e-6,0.005354222276980264,105.19677269458771,46.94734936952591,245.70127618312836
recycling_support,1.0,CET transformation elasticity,1.0,243,1.892547403937807e-5,7.709715027988465e-6,4.55600820361284e-5,9.606473623725747e-7,0.0008847442216008334,96.14308547973633,39.166035652160645,231.44925472140312
recycling_support,1.0,CET transformation elasticity,2.0,243,1.3160561151507637e-5,3.0590353323757427e-6,3.786807553834145e-5,-8.016280162413726e-6,0.0001770701560417017,66.85681706666946,15.54017060995102,192.37317997217178
recycling_support,1.0,Circular-service elasticity,0.5,243,1.9238470954220725e-5,7.5129122550888374e-6,4.35238749226697e-5,-8.016280162413726e-6,0.0008847442216008334,97.73313754796982,38.16626012325287,221.10514211654663
recycling_support,1.0,Circular-service elasticity,1.0,243,1.8818377542944317e-5,7.297839510668279e-6,4.588323280051872e-5,-7.47577671011906e-6,0.00022478982684746173,95.599025785923,37.07367151975632,233.09088924527168
recycling_support,1.0,Circular-service elasticity,2.0,243,1.7981874317039557e-5,6.411974204217817e-6,4.357605849472822e-5,-5.34810694392784e-6,0.005354222276980264,91.3495152592659,32.57339724898338,221.37023928761482
recycling_support,1.0,Metal-substitution elasticity,0.5,243,4.570682846381664e-6,2.463891178744648e-6,7.388570306224949e-6,-7.47577671011906e-6,0.005354222276980264,23.219473958015442,12.516785562038422,37.534592002630234
recycling_support,1.0,Metal-substitution elasticity,1.0,243,1.792172929319014e-5,1.4823146411656921e-5,2.194097488114721e-5,-8.016280162413726e-6,0.00022478982684746173,91.04397320747375,75.30289754271507,111.46209701895714
recycling_support,1.0,Metal-substitution elasticity,2.0,243,4.701932001236291e-5,4.2092894006473624e-5,5.0819988427924404e-5,3.323872855956502e-5,0.0008847442216008334,238.86231297254562,213.83563223481178,258.170045375824
recycling_support,1.0,Post-use activity productivity elasticity,0.5,243,1.7946519910818245e-5,6.881208992571903e-6,4.4975284827778735e-5,-8.016280162413726e-6,0.005354222276980264,91.16991174221039,34.95715156197548,228.478433072567
recycling_support,1.0,Post-use activity productivity elasticity,1.0,243,1.9925496927629728e-5,7.539751764234192e-6,4.375436577624652e-5,-2.9333517920166817e-6,0.00029412242597329696,101.22329038381577,38.30260720849037,222.2760560810566
recycling_support,1.0,Post-use activity productivity elasticity,2.0,243,1.8512758510150192e-5,6.688351286068826e-6,4.4802118016924435e-5,-2.7981083144869485e-6,0.0008847442216008334,94.04645401239395,33.977417320013046,227.59873032569885
recycling_support,1.0,Post-use allocation elasticity,0.5,243,1.7611153903858778e-5,7.3224121116853445e-6,4.3096082550124406e-5,-7.47577671011906e-6,0.005354222276980264,89.46622270345688,37.19850251078606,218.93191894888878
recycling_support,1.0,Post-use allocation elasticity,1.0,243,1.9238470954220725e-5,5.998434045037158e-6,4.59279740235968e-5,-8.016280162413726e-6,0.00022478982684746173,97.73313754796982,30.472576588392258,233.31817862391472
recycling_support,1.0,Post-use allocation elasticity,2.0,243,2.0195570142153306e-5,6.772173137978472e-6,4.451682396005755e-5,-1.9724656397687495e-6,0.0001770701560417017,102.59528625011444,34.403239756822586,226.14941123127937
recycling_support,2.0,Armington elasticity,0.5,243,4.426221221983181e-5,1.998975850143604e-5,9.537562477712378e-5,-1.02405038144973e-5,0.0013198947809935054,224.8559610247612,101.54974487423897,484.516626983881
recycling_support,2.0,Armington elasticity,1.0,243,4.716684741740347e-5,2.664665963446271e-5,0.00010175091843597856,-5.911084475161476e-6,0.005367446160790406,239.61176526546478,135.367392629385,516.9036838114262
recycling_support,2.0,Armington elasticity,2.0,243,5.0908045256756494e-5,2.9527703807353628e-5,0.00010580532342194588,-5.82183873040625e-6,0.021458906089878382,258.6173818707466,150.00335237383842,537.5004204809666
recycling_support,2.0,CET transformation elasticity,0.5,243,5.811883092177337e-5,3.736525370211465e-5,0.00010927749291087484,1.3662415115535061e-5,0.021458906089878382,295.24881213903427,189.81880047917366,555.1393492221832
recycling_support,2.0,CET transformation elasticity,1.0,243,4.7744939296468224e-5,2.9801916239977733e-5,0.00010175091843597856,-1.84349330624836e-6,0.010100918790711755,242.54852324724197,151.39637583494186,516.9036838114262
recycling_support,2.0,CET transformation elasticity,2.0,243,3.3824819007745405e-5,1.367144881036646e-5,8.597264227794151e-5,-1.02405038144973e-5,0.0004906521991801754,171.83307844400406,69.45217165350914,436.74864250421524
recycling_support,2.0,Circular-service elasticity,0.5,243,4.752087849269052e-5,2.735926889478057e-5,9.824252862247163e-5,-1.02405038144973e-5,0.021458906089878382,241.41027450561523,138.98751083016396,499.0807526111603
recycling_support,2.0,Circular-service elasticity,1.0,243,4.716684741740347e-5,2.5795645770153815e-5,0.00010251837511537096,-1.3025797389133414e-6,0.0013198947809935054,239.61176526546478,131.04416677355766,520.8024317622185
recycling_support,2.0,Circular-service elasticity,2.0,243,4.740267352692885e-5,2.0908576910409998e-5,0.00010331291009378299,-5.82183873040625e-6,0.005367446160790406,240.80978280305862,106.21742382645607,524.8387398719788
recycling_support,2.0,Metal-substitution elasticity,0.5,243,1.6767335684748045e-5,1.1118504255154635e-5,2.728677942464287e-5,-1.02405038144973e-5,0.021458906089878382,85.17955136299133,56.48298704624176,138.6192578971386
recycling_support,2.0,Metal-substitution elasticity,1.0,243,4.5300897490909725e-5,3.6970933869295e-5,5.399388005943945e-5,1.2066155051482053e-5,0.010100918790711755,230.13257426023483,187.81562077999115,274.29369616508484
recycling_support,2.0,Metal-substitution elasticity,2.0,243,0.00010420691094617758,9.369362262191483e-5,0.00011139915562513018,4.225374455955517e-5,0.0009088725404798072,529.3803434371948,475.97190696001053,565.9175838530064
recycling_support,2.0,Post-use activity productivity elasticity,0.5,243,4.864337438720635e-5,2.7281487985556435e-5,0.00010344472089059129,-1.3025797389133414e-6,0.010100918790711755,247.11265313625336,138.59237691760063,525.5083504021168
recycling_support,2.0,Post-use activity productivity elasticity,1.0,243,4.698329185074465e-5,2.6169548241457755e-5,9.814724682769e-5,-1.02405038144973e-5,0.0031501147835368984,238.67928671836853,132.94362446665764,498.59671264886856
recycling_support,2.0,Post-use activity productivity elasticity,2.0,243,4.680632088674276e-5,2.0401922509590287e-5,9.989089960202107e-5,-5.911084475161476e-6,0.021458906089878382,237.7802585363388,103.64357456564903,507.4546232819557
recycling_support,2.0,Post-use allocation elasticity,0.5,243,4.6134210210937005e-5,2.7875800610234355e-5,0.00010310169926403776,-5.911084475161476e-6,0.010100918790711755,234.36587673425674,141.61153772473335,523.76577013731
recycling_support,2.0,Post-use allocation elasticity,1.0,243,4.752087849269052e-5,2.212563446378828e-5,0.0001023351547192615,-1.02405038144973e-5,0.00179757274582795,241.41027450561523,112.40018406510353,519.8716559112072
recycling_support,2.0,Post-use allocation elasticity,2.0,243,4.7744939296468224e-5,2.4214819666529965e-5,9.937454859812751e-5,-5.82183873040625e-6,0.021458906089878382,242.54852324724197,123.01343005895615,504.83151441812515
refurbishment_support,0.25,Armington elasticity,0.5,243,7.3616412626092165e-6,-1.4509551301894872e-5,0.00010107606882786617,-5.740461120255801e-5,0.018739075788723712,37.39779007434845,-73.70980659127235,513.4753879904747
refurbishment_support,0.25,Armington elasticity,1.0,243,9.197795816341354e-6,-1.6034232798460084e-5,0.00010026883467371693,-4.418822863515385e-5,0.002560070602396389,46.725617945194244,-81.4553237259388,509.3745669424534
refurbishment_support,0.25,Armington elasticity,2.0,243,3.130300508097531e-5,-5.792438953106336e-6,0.00012259311183145054,-4.2431238826781845e-5,0.0007026891518674648,159.02204018831253,-29.4261032640934,622.7838734984398
refurbishment_support,0.25,CET transformation elasticity,0.5,243,5.382912451399779e-5,3.243118244273122e-6,0.00015426939636179498,-3.468357894716141e-5,0.002560070602396389,273.45672339200974,16.475328117609024,783.7022063732147
refurbishment_support,0.25,CET transformation elasticity,1.0,243,1.1445784728054177e-5,-1.6034232798460084e-5,0.00011406781236612953,-4.261847463445037e-5,0.018739075788723712,58.145600855350494,-81.4553237259388,579.474596619606
refurbishment_support,0.25,CET transformation elasticity,2.0,243,-2.6903051398804196e-6,-1.948627040133021e-5,8.130150617341437e-5,-5.740461120255801e-5,0.0003093703116918987,-13.666988551616669,-98.99198070168495,413.01885709166527
refurbishment_support,0.25,Circular-service elasticity,0.5,243,-2.084524424939898e-5,-2.7648715733086578e-5,-9.890964768409374e-6,-5.740461120255801e-5,0.018739075788723712,-105.89568829536438,-140.45792642235756,-50.2469776570797
refurbishment_support,0.25,Circular-service elasticity,1.0,243,1.0903393143846944e-5,-1.5718472957340278e-6,3.883822447210964e-5,-2.23393795907088e-5,0.0004955424651866635,55.39020353555679,-7.985123574733734,197.30162253975868
refurbishment_support,0.25,Circular-service elasticity,2.0,243,0.0001336432426325728,0.00010124549803510766,0.00016377674356463163,6.0709036383120554e-5,0.002560070602396389,678.9195173382759,514.3361033797264,832.0003727972507
refurbishment_support,0.25,Metal-substitution elasticity,0.5,243,1.6147135536651255e-5,-1.4990702188426334e-5,0.00010735297964426592,-4.880039663476877e-5,0.0004955424651866635,82.02887964248657,-76.1540957391262,545.362651258707
refurbishment_support,0.25,Metal-substitution elasticity,1.0,243,1.5660162633352954e-5,-1.232488621624885e-5,0.00010629017837332814,-5.740461120255801e-5,0.00033787645804561286,79.55501413345337,-62.61151432991028,539.9635266065598
refurbishment_support,0.25,Metal-substitution elasticity,2.0,243,1.615346624906628e-5,-1.2455427262678203e-5,0.00010684432364762377,-4.418822863515385e-5,0.018739075788723712,82.0610402226448,-63.27467441558838,542.7786337137222
refurbishment_support,0.25,Post-use activity productivity elasticity,0.5,243,1.129902100006795e-5,-1.762313700915965e-5,0.00010571698406850667,-5.213815528389276e-5,0.002560070602396389,57.400028109550476,-89.52709794044495,537.0516487360001
refurbishment_support,0.25,Post-use activity productivity elasticity,1.0,243,1.93105469536827e-5,-1.0815649433400616e-5,0.00011050238697140306,-4.077632538949214e-5,0.018739075788723712,98.0992900133133,-54.944457709789276,561.3619196116924
refurbishment_support,0.25,Post-use activity productivity elasticity,2.0,243,1.495376538275929e-5,-1.2385088456038893e-5,0.00010598413560935313,-5.740461120255801e-5,0.0003462122913668772,75.96645349264145,-62.91734704375267,538.408802241087
refurbishment_support,0.25,Post-use allocation elasticity,0.5,243,1.3707280051293402e-5,-1.1531788740683164e-5,9.42929924482057e-5,-5.213815528389276e-5,0.0002311687570184684,69.63419753313065,-58.582508862018585,479.0167587995529
refurbishment_support,0.25,Post-use allocation elasticity,1.0,243,1.6147135536651255e-5,-1.5638542223524935e-5,0.00010743123290032623,-4.880039663476877e-5,0.0003462122913668772,82.02887964248657,-79.44518053531647,545.7601847350597
refurbishment_support,0.25,Post-use allocation elasticity,2.0,243,1.8755920697068938e-5,-1.2392328358088579e-5,0.0001223257201631627,-5.740461120255801e-5,0.018739075788723712,95.2817394733429,-62.95412638783455,621.4255001246929
refurbishment_support,0.5,Armington elasticity,0.5,243,4.835586079416862e-5,-2.0307116710604848e-5,0.00025092688775689507,-0.0001116197926183285,0.018710751049461356,245.6520586013794,-103.16195270419121,1274.7308293879032
refurbishment_support,0.5,Armington elasticity,1.0,243,4.1685875414439016e-5,-2.1296258831722667e-5,0.00025691197771636514,-6.883551328592849e-5,0.0024647772018540357,211.76794171333313,-108.18688234686852,1305.135616838932
refurbishment_support,0.5,Armington elasticity,2.0,243,0.0001319673183144442,-7.221770802991164e-6,0.00030867984416175695,-0.0032266418874151897,0.0011480436973773187,670.4056732654572,-36.68723574280739,1568.120966553688
refurbishment_support,0.5,CET transformation elasticity,0.5,243,0.0001675650277649245,4.437964122409815e-5,0.000378196461967221,-8.002559187296083e-5,0.0024647772018540357,851.2451922893524,225.4525107741356,1921.2715462446213
refurbishment_support,0.5,CET transformation elasticity,1.0,243,5.9210504712767196e-5,-2.3186093494914072e-5,0.0002725431367897303,-0.0032266418874151897,0.018710751049461356,300.79461175203323,-117.78740993142128,1384.5432903170586
refurbishment_support,0.5,CET transformation elasticity,2.0,243,-5.438925167882271e-6,-2.694085472707558e-5,0.00019448317187591944,-0.00010673929552534315,0.0005650065488441016,-27.630221903324127,-136.86192977428436,987.9917501211166
refurbishment_support,0.5,Circular-service elasticity,0.5,243,-3.0440734723893057e-5,-4.4120435318964176e-5,-1.5052595903431455e-5,-0.0032266418874151897,0.018710751049461356,-154.64163035154343,-224.1357218027115,-76.468521296978
refurbishment_support,0.5,Circular-service elasticity,1.0,243,5.293403156634269e-5,3.265103415256626e-6,0.00011885676733295381,-3.1661195056460554e-5,0.0007676495040937537,268.9095718860626,16.587014734745026,603.8029122948647
refurbishment_support,0.5,Circular-service elasticity,2.0,243,0.0003029361505561549,0.00024330544004176824,0.00040031790136972275,0.000128728994423403,0.0024647772018540357,1538.9424939751625,1236.0131995081902,2033.6504190266132
refurbishment_support,0.5,Metal-substitution elasticity,0.5,243,6.782589055659809e-5,-1.8582554777322747e-5,0.0002785388658636055,-0.0032266418874151897,0.0017553478505160094,344.5615354180336,-94.40102523565292,1415.0021254122257
refurbishment_support,0.5,Metal-substitution elasticity,1.0,243,6.360689440442403e-5,-1.910622931017396e-5,0.00026925674531340577,-0.0001116197926183285,0.0011480436973773187,323.1286610364914,-97.061338275671,1367.8481303453445
refurbishment_support,0.5,Metal-substitution elasticity,2.0,243,7.957941103152895e-5,-1.9113293968238608e-5,0.00025989980818294815,-0.00010466550757049353,0.018710751049461356,404.27046114206314,-97.09722736477852,1320.314060419798
refurbishment_support,0.5,Post-use activity productivity elasticity,0.5,243,5.402817659553839e-5,-2.3802953963858496e-5,0.0002479565848508293,-0.00010673929552534315,0.0024647772018540357,274.4679256081581,-120.92111578583717,1259.6414273679256
refurbishment_support,0.5,Post-use activity productivity elasticity,1.0,243,7.393917617824422e-5,-1.2009392502877718e-5,0.0002914804933591931,-0.0032266418874151897,0.018710751049461356,375.6175681948662,-61.00877830386162,1480.746740102768
refurbishment_support,0.5,Post-use activity productivity elasticity,2.0,243,8.232586044407673e-5,-1.5548440339863094e-5,0.00026684049590029323,-0.0001116197926183285,0.0010166767155117954,418.2226675748825,-78.9874549806118,1355.5733691751957
refurbishment_support,0.5,Post-use allocation elasticity,0.5,243,6.189900585802805e-5,-2.2181671684627172e-5,0.00023090788826662245,-0.0001116197926183285,0.00061959058069209,314.4524358510971,-112.6848581135273,1173.0325376987457
refurbishment_support,0.5,Post-use allocation elasticity,1.0,243,6.360689440442403e-5,-1.7781829512821874e-5,0.0002779221681723443,-7.18429483930606e-5,0.0010166767155117954,323.1286610364914,-90.3332699239254,1411.8692464828491
refurbishment_support,0.5,Post-use allocation elasticity,2.0,243,8.012022696862828e-5,-1.4399909309145481e-5,0.0003054803047705376,-0.0032266418874151897,0.018710751049461356,407.01785403490067,-73.15281555056572,1551.8670228719711
refurbishment_support,1.0,Armington elasticity,0.5,243,0.00015224088187379235,-2.378807717980501e-5,0.0005712940449850148,-0.00031347381566364425,0.01868513397001961,773.3971729874611,-120.84554040431976,2902.224382162094
refurbishment_support,1.0,Armington elasticity,1.0,243,0.00015517220979489968,-2.87064371049362e-5,0.0005365083072190318,-0.0034149565369556703,0.005779982392096258,788.2885786294937,-145.83124473690987,2725.5097512602806
refurbishment_support,1.0,Armington elasticity,2.0,243,0.00027233003045975206,1.496044411921556e-5,0.0006220916701286559,-0.002979291717014641,0.015528303342454131,1383.4606912732124,76.00038206577301,3160.2808200716972
refurbishment_support,1.0,CET transformation elasticity,0.5,243,0.0003980140085533015,0.00014206442111196877,0.0008215918885276117,-0.00031347381566364425,0.015528303342454131,2021.9464393258095,721.6998503804207,4173.759611189365
refurbishment_support,1.0,CET transformation elasticity,1.0,243,0.00014864147317281788,-2.1572955778430626e-5,0.0005839051789862015,-0.002979291717014641,0.01868513397001961,755.1118577718735,-109.59252735972404,2966.290060609579
refurbishment_support,1.0,CET transformation elasticity,2.0,243,1.6749095409432567e-5,-4.4727116102310356e-5,0.0004354597237077157,-0.0034149565369556703,0.010931992517571714,85.08688914775848,-227.2177139520645,2212.173991113901
refurbishment_support,1.0,Circular-service elasticity,0.5,243,-5.030724299627325e-5,-8.035179618986793e-5,1.4607271277171717e-5,-0.0034149565369556703,0.01868513397001961,-255.56525313854218,-408.1942462027073,74.20623272657394
refurbishment_support,1.0,Circular-service elasticity,1.0,243,0.00013289840923472605,2.296856195512924e-5,0.000294353054894865,-0.0002052062533323665,0.015528303342454131,675.1356976628304,116.68233042955399,1495.3396072983742
refurbishment_support,1.0,Circular-service elasticity,2.0,243,0.0006601075314208138,0.0005108095125373477,0.0009007103874755679,0.00024083501681245,0.0063504410690809615,3353.4047647714615,2594.9575966000557,4575.688598096371
refurbishment_support,1.0,Metal-substitution elasticity,0.5,243,0.00016644063800106513,-2.4178646438187266e-5,0.0005476970085404056,-0.002979291717014641,0.015528303342454131,845.5331926345825,-122.82966685295105,2782.349345624447
refurbishment_support,1.0,Metal-substitution elasticity,1.0,243,0.00021391806758946946,-1.8471840670597086e-5,0.0005902088063793114,-0.00029771778531330144,0.012872141833942531,1086.7227428555489,-93.8385877609253,2998.3130464553833
refurbishment_support,1.0,Metal-substitution elasticity,2.0,243,0.00019067649987551484,-1.2370785368415648e-5,0.0006020551439461044,-0.0034149565369556703,0.01868513397001961,968.653518974781,-62.8446860909462,3058.493491232395
refurbishment_support,1.0,Post-use activity productivity elasticity,0.5,243,0.00017625054302253295,-3.175191560911419e-5,0.0005427567018229107,-0.00031347381566364425,0.015528303342454131,895.3683795928955,-161.30254545807838,2757.252149641514
refurbishment_support,1.0,Post-use activity productivity elasticity,1.0,243,0.00017645007635624932,-9.231894809901582e-6,0.0006153942778674333,-0.0034149565369556703,0.01868513397001961,896.3820266127586,-46.898843854665756,3126.257473796606
refurbishment_support,1.0,Post-use activity productivity elasticity,2.0,243,0.00020841993652997022,-1.7136301552008946e-5,0.000594386131028986,-0.00029771778531330144,0.01442126399734964,1058.7917497754097,-87.05393067002296,3019.534225910902
refurbishment_support,1.0,Post-use allocation elasticity,0.5,243,0.00015763670543398253,-2.4307426473817527e-5,0.0005573163046184225,-0.00029771778531330144,0.010931992517571714,800.8084349036217,-123.48388084769249,2831.216222256422
refurbishment_support,1.0,Post-use allocation elasticity,1.0,243,0.00020580628270540547,-1.8972631144398484e-5,0.0006154497760452374,-0.0034149565369556703,0.01442126399734964,1045.5141566991806,-96.38264775276184,3126.5394094586372
refurbishment_support,1.0,Post-use allocation elasticity,2.0,243,0.00020652338714523277,-1.661471080459565e-5,0.0005901965980122685,-0.002979291717014641,0.01868513397001961,1049.1571108102798,-84.40420344471931,2998.25102686882
refurbishment_support,2.0,Armington elasticity,0.5,243,0.00038506625511535255,-2.3637369570453966e-5,0.0013577509938539844,-0.0004361248916605888,0.03451802576072563,1956.170704305172,-120.07993239164352,6897.495385885239
refurbishment_support,2.0,Armington elasticity,1.0,243,0.0004233034632995985,-3.593255164969551e-5,0.0011718541819692057,-0.0033607688090659072,0.015026040012971625,2150.4191108345985,-182.54054707288742,5953.1231055259705
refurbishment_support,2.0,Armington elasticity,2.0,243,0.0006674672174622296,9.901135085799678e-5,0.0013546363545591466,-0.0030592577674441123,0.03946531181514463,3390.7926221489906,502.9864377081394,6881.672742217779
refurbishment_support,2.0,CET transformation elasticity,0.5,243,0.0007974456847070228,0.00028541368413537274,0.0018786377855872002,-0.0003758946591429924,0.03451802576072563,4051.0947557091713,1449.9268115460873,9543.646453946829
refurbishment_support,2.0,CET transformation elasticity,1.0,243,0.00032790500638192626,-6.938157732043937e-6,0.0012724825464323552,-0.0030592577674441123,0.03946531181514463,1665.7864945530891,-35.24645620584488,6464.324115663767
refurbishment_support,2.0,CET transformation elasticity,2.0,243,8.60583447526468e-5,-5.0606807745968415e-5,0.0009824797306213404,-0.0033607688090659072,0.014603689997951431,437.1840186715126,-257.0870686173439,4991.08410847187
refurbishment_support,2.0,Circular-service elasticity,0.5,243,-7.883708424686088e-5,-0.00018368925132973367,0.00022019773693813475,-0.0033607688090659072,0.03946531181514463,-400.4993752837181,-933.1576770842075,1118.6240197122097
refurbishment_support,2.0,Circular-service elasticity,1.0,243,0.00027579314335103745,6.572566202023609e-5,0.0006322256389819027,-0.002290892603887405,0.02026734503356631,1401.0536116957664,333.89218831062317,3211.7622800171375
refurbishment_support,2.0,Circular-service elasticity,2.0,243,0.0013811515167322034,0.0011060563187643526,0.0018034598477308281,-0.0001041395050299511,0.01600849141970147,7016.372116088867,5618.864128798246,9161.735866636038
refurbishment_support,2.0,Metal-substitution elasticity,0.5,243,0.0003307314965368319,-3.449342118422826e-5,0.0012708229598436477,-0.0030592577674441123,0.01703481667372959,1680.1453150510788,-175.2296367585659,6455.893268704414
refurbishment_support,2.0,Metal-substitution elasticity,1.0,243,0.00048341301148227165,-7.220454085441431e-7,0.0012757925167134485,-0.002290892603887405,0.01600849141970147,2455.780943095684,-3.6680546700954437,6481.1390580534935
refurbishment_support,2.0,Metal-substitution elasticity,2.0,243,0.000643042882735436,4.492414371455648e-5,0.0013623968884536924,-0.0033607688090659072,0.03946531181514463,3266.714837014675,228.21863168478012,6921.096942216158
refurbishment_support,2.0,Post-use activity productivity elasticity,0.5,243,0.00044820254016436964,4.506897702492437e-6,0.0013318670937124634,-0.002290892603887405,0.03946531181514463,2276.9086281061172,22.89543977379799,6766.002879083157
refurbishment_support,2.0,Post-use activity productivity elasticity,1.0,243,0.0004858280961200739,8.494803456876121e-6,0.001294023905184137,-0.0033607688090659072,0.01898927814312607,2468.04978710413,43.15435445308685,6573.756127327681
refurbishment_support,2.0,Post-use activity productivity elasticity,2.0,243,0.0004627757270262171,-5.264837739458347e-6,0.001242390197700522,-0.0006915173366932003,0.03451802576072563,2350.941708981991,-26.745842337608337,6311.452317029238
refurbishment_support,2.0,Post-use allocation elasticity,0.5,243,0.0004939934133600342,3.1120881960245705e-6,0.0013034925846069838,-0.0004361248916605888,0.014603689997951431,2509.5303223729134,15.809683859348297,6621.857858002186
refurbishment_support,2.0,Post-use allocation elasticity,1.0,243,0.00046237587074009125,5.557667528196084e-6,0.0012515437987520683,-0.0033607688090659072,0.03946531181514463,2348.910403609276,28.23344361782074,6357.953421652317
refurbishment_support,2.0,Post-use allocation elasticity,2.0,243,0.0004627757270262171,-6.352699516196001e-6,0.0013454495695584155,-0.0030592577674441123,0.03451802576072563,2350.941708981991,-32.27227658033371,6835.00306019187
repair_support,0.25,Armington elasticity,0.5,243,-2.1120944525277061e-7,-4.321017835771731e-7,1.8517057795608342e-7,-1.8639745949764395e-6,8.827169243639137e-6,-1.0729627013206482,-2.1951153576374054,0.9406829476356506
repair_support,0.25,Armington elasticity,1.0,243,-2.1679673175990574e-7,-4.831080905742915e-7,8.647343794946012e-8,-2.303119371646591e-6,2.637928167031307e-6,-1.1013466119766235,-2.454231917858124,0.4392927289009094
repair_support,0.25,Armington elasticity,2.0,243,-1.9035866110642398e-7,-4.308322150601664e-7,2.639606008508836e-7,-1.4166334309273186e-6,3.828278999413502e-6,-0.9670388698577881,-2.1886658370494843,1.3409432470798492
repair_support,0.25,CET transformation elasticity,0.5,243,-1.767162407241256e-8,-4.2031490085265e-7,4.543026069736165e-7,-2.303119371646591e-6,8.827169243639137e-6,-0.08977341651916504,-2.1352369487285614,2.3078975081443787
repair_support,0.25,CET transformation elasticity,1.0,243,-2.1220182180809148e-7,-4.2163246317788204e-7,1.3823090289702423e-7,-1.4188772367923327e-6,2.1395033110291933e-6,-1.0780040621757507,-2.1419302821159363,0.7022252380847931
repair_support,0.25,CET transformation elasticity,2.0,243,-3.0824514650624935e-7,-5.944964337476477e-7,7.741686964831765e-9,-1.8639745949764395e-6,2.637928167031307e-6,-1.565912663936615,-3.020094573497772,0.03932845592498779
repair_support,0.25,Circular-service elasticity,0.5,243,-3.081229121842645e-7,-4.224703572797201e-7,2.9562220589332117e-8,-2.303119371646591e-6,1.2380716138565581e-6,-1.565291702747345,-2.1461868584156036,0.1501787006855011
repair_support,0.25,Circular-service elasticity,1.0,243,-2.1679673175990574e-7,-5.07347069799421e-7,2.212226514122925e-9,-1.2317703512540416e-6,1.622868110577027e-6,-1.1013466119766235,-2.5773680806159973,0.011238306760787964
repair_support,0.25,Circular-service elasticity,2.0,243,2.4596634880105315e-7,-5.652190022330194e-7,6.713099459594358e-7,-1.4188772367923327e-6,8.827169243639137e-6,1.249530851840973,-2.871362626552582,3.4103140234947205
repair_support,0.25,Metal-substitution elasticity,0.5,243,-1.828662415797311e-7,-4.211143166036586e-7,1.3745518779205328e-7,-1.8639745949764395e-6,2.0478804266756827e-6,-0.9289767146110535,-2.139298051595688,0.6982845366001129
repair_support,0.25,Metal-substitution elasticity,1.0,243,-1.8577216371064874e-7,-4.2522477713739744e-7,2.288443743892989e-7,-2.303119371646591e-6,3.828278999413502e-6,-0.9437390565872192,-2.160179555416107,1.1625497043132782
repair_support,0.25,Metal-substitution elasticity,2.0,243,-2.578899678270151e-7,-6.492092988579776e-7,3.050093747406807e-7,-1.4051360950062016e-6,8.827169243639137e-6,-1.3101038932800293,-3.2980407774448395,1.5494746565818787
repair_support,0.25,Post-use activity productivity elasticity,0.5,243,-2.839995616060316e-8,-4.0370809870137376e-7,3.234470165992826e-7,-1.376347319187714e-6,2.0702109289782205e-6,-0.1442742943763733,-2.0508729219436646,1.643139511346817
repair_support,0.25,Post-use activity productivity elasticity,1.0,243,-3.1866870236600456e-7,-7.380829669362969e-7,5.89445685281394e-8,-1.8639745949764395e-6,8.827169243639137e-6,-1.6188652515411377,-3.7495268881320953,0.29944363236427307
repair_support,0.25,Post-use activity productivity elasticity,2.0,243,-2.6503038582809684e-7,-4.454971599235166e-7,1.832859952739227e-7,-2.303119371646591e-6,2.637928167031307e-6,-1.3463778495788574,-2.263165056705475,0.9311091005802155
repair_support,0.25,Post-use allocation elasticity,0.5,243,-6.565091858346072e-8,-4.182057076173231e-7,2.8061160118711673e-7,-2.303119371646591e-6,2.0342314358172493e-6,-0.33351248502731323,-2.1245220601558685,1.425531804561615
repair_support,0.25,Post-use allocation elasticity,1.0,243,-2.4607709652280376e-7,-4.2409525949237665e-7,1.2582009479909794e-7,-1.2477360685295668e-6,2.3806802872510454e-6,-1.2500934600830078,-2.1544415056705475,0.6391772329807281
repair_support,0.25,Post-use allocation elasticity,2.0,243,-3.18460793728498e-7,-7.478591138369566e-7,1.1825759410469333e-7,-1.4188772367923327e-6,8.827169243639137e-6,-1.6178090572357178,-3.799190580844879,0.6007590591907501
repair_support,0.5,Armington elasticity,0.5,243,6.6390320074827265e-9,-7.07708594431935e-7,1.3215523700577342e-6,-5.7923707902827006e-6,1.9778852829239895e-5,0.03372687101364136,-3.595222383737564,6.713603168725967
repair_support,0.5,Armington elasticity,1.0,243,-9.061390561302229e-9,-6.211533423217017e-7,1.4152906719994442e-6,-2.9257115602430047e-6,3.762874426752967e-5,-0.04603266716003418,-3.155514031648636,7.189802050590515
repair_support,0.5,Armington elasticity,2.0,243,2.1593218616426835e-7,-5.857632854009551e-7,1.7457172883300764e-6,-2.924256375775359e-6,1.5313952818187316e-5,1.0969546437263489,-2.9757294058799744,8.868398547172546
repair_support,0.5,CET transformation elasticity,0.5,243,7.084325259719399e-7,-1.9984320792991354e-7,2.140643288637598e-6,-2.9257115602430047e-6,2.0139835937594656e-5,3.598900020122528,-1.0152212083339691,10.87465763092041
repair_support,0.5,CET transformation elasticity,1.0,243,-7.4894475595436e-8,-6.752056692536972e-7,1.4239056632392647e-6,-3.7437446497654615e-6,3.762874426752967e-5,-0.3804705739021301,-3.4301046431064606,7.233566969633102
repair_support,0.5,CET transformation elasticity,2.0,243,-3.327287117052872e-7,-8.050386530160274e-7,9.567602217627584e-7,-5.7923707902827006e-6,1.9778852829239895e-5,-1.6902913451194763,-4.089667707681656,4.860426723957062
repair_support,0.5,Circular-service elasticity,0.5,243,-5.187238374835763e-7,-8.231679752822797e-7,6.11751161109681e-8,-5.7923707902827006e-6,1.9778852829239895e-5,-2.6351630687713623,-4.1817662715911865,0.3107750117778778
repair_support,0.5,Circular-service elasticity,1.0,243,-1.3316115284846857e-7,-6.136370989525477e-7,2.4515107590988653e-7,-1.6892628070582847e-6,3.762874426752967e-5,-0.6764704585075378,-3.117330849170685,1.2453891932964325
repair_support,0.5,Circular-service elasticity,2.0,243,1.6664860520967295e-6,1.0236683540215106e-6,2.1997111122580824e-6,-2.9257115602430047e-6,7.491718492088453e-6,8.465896844863892,5.200325965881348,11.174727410078049
repair_support,0.5,Metal-substitution elasticity,0.5,243,-7.064930270156376e-8,-6.075557185070132e-7,1.367354766096853e-6,-4.179416284486885e-6,1.5709966068031505e-5,-0.35890471935272217,-3.0864368975162506,6.946283400058746
repair_support,0.5,Metal-substitution elasticity,1.0,243,-5.227470808131892e-9,-5.914924824594865e-7,1.4398487182386038e-6,-5.7923707902827006e-6,2.0139835937594656e-5,-0.026556015014648438,-3.004834234714508,7.314559102058411
repair_support,0.5,Metal-substitution elasticity,2.0,243,3.526405630798244e-7,-6.996867705241689e-7,1.6451595772116345e-6,-3.7437446497654615e-6,3.762874426752967e-5,1.7914453148841858,-3.554470807313919,8.357556462287903
repair_support,0.5,Post-use activity productivity elasticity,0.5,243,3.526405630798244e-7,-3.6691276946557323e-7,1.6549490469259805e-6,-1.8165830999530835e-6,1.810587180282589e-5,1.7914453148841858,-1.8639493882656097,8.407287836074829
repair_support,0.5,Post-use activity productivity elasticity,1.0,243,-4.409502848454053e-8,-8.034529976652463e-7,1.3395873531930727e-6,-5.7923707902827006e-6,3.762874426752967e-5,-0.22400665283203125,-4.081612437963486,6.8052224814891815
repair_support,0.5,Post-use activity productivity elasticity,2.0,243,-5.627697281930349e-8,-7.358409268867124e-7,1.3564586287415074e-6,-3.7437446497654615e-6,1.9778852829239895e-5,-0.2858920097351074,-3.738137125968933,6.8909300565719604
repair_support,0.5,Post-use allocation elasticity,0.5,243,2.9455960737437153e-7,-3.6338599600544103e-7,1.723339889254164e-6,-2.8504754081559415e-6,2.0139835937594656e-5,1.4963889122009277,-1.8460330665111542,8.754719376564026
repair_support,0.5,Post-use allocation elasticity,1.0,243,1.1320951489437123e-7,-6.859252367960538e-7,1.4928469413386288e-6,-3.7437446497654615e-6,3.762874426752967e-5,0.575114369392395,-3.4845609962940216,7.5837947726249695
repair_support,0.5,Post-use allocation elasticity,2.0,243,-1.8266032755104987e-7,-8.39590933164862e-7,1.0444655007899596e-6,-5.7923707902827006e-6,1.5709966068031505e-5,-0.9279306530952454,-4.265196353197098,5.305977314710617
repair_support,1.0,Armington elasticity,0.5,243,9.435045090995966e-7,-7.6516209899959e-7,3.586275075972493e-6,-1.0809471296827392e-5,3.4369104707691955e-5,4.793086528778076,-3.887091279029846,18.21859523653984
repair_support,1.0,Armington elasticity,1.0,243,1.2748834690131393e-6,-7.670797217902704e-7,3.7738545195403336e-6,-5.9510328057629875e-6,0.00010578511840413732,6.476521015167236,-3.896832972764969,19.171515434980392
repair_support,1.0,Armington elasticity,2.0,243,1.7580115408746683e-6,-2.833798835761274e-7,4.163558516614519e-6,-5.9114078833828044e-6,4.727272275564783e-5,8.930854439735413,-1.4395949244499207,21.151246279478073
repair_support,1.0,CET transformation elasticity,0.5,243,2.671882287459625e-6,2.848071728527091e-7,5.0217223495821626e-6,-5.9510328057629875e-6,0.00010578511840413732,13.57339882850647,1.446845680475235,25.51079460978508
repair_support,1.0,CET transformation elasticity,1.0,243,8.007552012322046e-7,-8.066184184042795e-7,3.35555082383125e-6,-5.918271625673869e-6,3.708747596488162e-5,4.067907392978668,-4.097693055868149,17.046495586633682
repair_support,1.0,CET transformation elasticity,2.0,243,5.679409392993437e-7,-9.654152753074646e-7,2.91257073118175e-6,-1.0809471296827392e-5,2.0501218378367966e-5,2.8851903080940247,-4.904395163059235,14.796117454767227
repair_support,1.0,Circular-service elasticity,0.5,243,-4.108918818449074e-7,-1.3176324826642095e-6,1.8567277528615395e-6,-6.597341491669223e-6,2.4887086355945002e-5,-2.0873671770095825,-6.693689793348312,9.432341545820236
repair_support,1.0,Circular-service elasticity,1.0,243,1.5302889990199206e-7,-7.428527571500732e-7,1.788411016117697e-6,-1.0809471296827392e-5,4.335267094769601e-5,0.7774003744125366,-3.7737578451633453,9.08528646826744
repair_support,1.0,Circular-service elasticity,2.0,243,3.6199948591963123e-6,2.642248454546978e-6,4.9285073860642456e-6,-5.9510328057629875e-6,0.00010578511840413732,18.389894723892212,13.422856330871582,25.037254333496094
repair_support,1.0,Metal-substitution elasticity,0.5,243,9.750265091238176e-8,-9.490160708693794e-7,2.909731000731298e-6,-5.9510328057629875e-6,3.938250300906527e-5,0.4953221082687378,-4.821085751056671,14.781691372394562
repair_support,1.0,Metal-substitution elasticity,1.0,243,1.5253400577346886e-6,-6.598761969943649e-7,4.050663686461247e-6,-6.597341491669223e-6,4.335267094769601e-5,7.748862683773041,-3.352229565382004,20.577730536460876
repair_support,1.0,Metal-substitution elasticity,2.0,243,2.2103968007829188e-6,1.5493158659248568e-7,4.569250476719044e-6,-1.0809471296827392e-5,0.00010578511840413732,11.22901165485382,0.7870661914348602,23.21219739317894
repair_support,1.0,Post-use activity productivity elasticity,0.5,243,2.4195665825174094e-6,-1.5207737762860023e-7,4.430554765434381e-6,-3.671035901719471e-6,4.335267094769601e-5,12.291612684726715,-0.772566556930542,22.507610887289047
repair_support,1.0,Post-use activity productivity elasticity,1.0,243,1.1969144681760675e-6,-9.881850843371808e-7,3.45842444592372e-6,-6.597341491669223e-6,0.00010578511840413732,6.080431580543518,-5.020067811012268,17.569102704524994
repair_support,1.0,Post-use activity productivity elasticity,2.0,243,9.251156002277997e-7,-8.812992009966049e-7,3.3242858584865635e-6,-1.0809471296827392e-5,3.4369104707691955e-5,4.699669241905212,-4.477078050374985,16.887666791677475
repair_support,1.0,Post-use allocation elasticity,0.5,243,2.2324126124778803e-6,-4.786459863712344e-8,4.18894484176766e-6,-4.792443960045678e-6,4.335267094769601e-5,11.340853929519653,-0.24315640330314636,21.280211061239243
repair_support,1.0,Post-use allocation elasticity,1.0,243,1.2805221342970194e-6,-8.10048118946105e-7,3.920020386997278e-6,-1.0809471296827392e-5,3.938250300906527e-5,6.505165934562683,-4.115116238594055,19.91405099630356
repair_support,1.0,Post-use allocation elasticity,2.0,243,6.387214403295975e-7,-9.610206534141214e-7,3.419092971567061e-6,-6.597341491669223e-6,0.00010578511840413732,3.2447615265846252,-4.882070094347,17.369295328855515
repair_support,2.0,Armington elasticity,0.5,243,3.28034496046578e-6,-9.552518399044434e-7,8.655890881488419e-6,-1.1849692064710675e-5,4.591103509560877e-5,16.664443135261536,-4.852764010429382,43.97269284725189
repair_support,2.0,Armington elasticity,1.0,243,4.533197200631039e-6,-2.584833932848876e-7,9.649716596385699e-6,-1.1223861218032202e-5,0.00011780942893253916,23.029043555259705,-1.3131185472011566,49.02141556143761
repair_support,2.0,Armington elasticity,2.0,243,4.477224124065698e-6,2.7489967509441034e-7,1.0164698359986e-5,-6.155711717515255e-5,7.418218707994923e-5,22.744695365428925,1.3965147137641907,51.637568563222885
repair_support,2.0,CET transformation elasticity,0.5,243,7.699077650062841e-6,1.0713439752054573e-6,1.359947904729052e-5,-8.507512963511975e-6,0.00010193172021635728,39.111996829509735,5.442522346973419,69.08655887842178
repair_support,2.0,CET transformation elasticity,1.0,243,2.520094562231264e-6,-4.0339651147045244e-7,8.375785652816777e-6,-6.155711717515255e-5,0.00011780942893253916,12.802303731441498,-2.049290031194687,42.54973345994949
repair_support,2.0,CET transformation elasticity,2.0,243,1.913283073342374e-6,-1.3816433282749652e-6,6.598027936296538e-6,-2.6724423208191026e-5,4.608317198433125e-5,9.719647586345673,-7.018870562314987,33.51856669783592
repair_support,2.0,Circular-service elasticity,0.5,243,4.84905432586333e-7,-2.0466465792560696e-6,5.122474892917423e-6,-1.9991854043334065e-5,4.591103509560877e-5,2.4633625745773315,-10.39714601635933,26.02262645959854
repair_support,2.0,Circular-service elasticity,1.0,243,1.4093577549819508e-6,-8.472781673087742e-7,6.329798849094486e-6,-1.1849692064710675e-5,4.027535342975359e-5,7.159662306308746,-4.304248183965683,32.155939161777496
repair_support,2.0,Circular-service elasticity,2.0,243,8.299522324117014e-6,6.177983263874261e-6,1.16167471793661e-5,-6.155711717515255e-5,0.00011780942893253916,42.16230899095535,31.384702533483505,59.01410526037216
repair_support,2.0,Metal-substitution elasticity,0.5,243,1.1709326114928568e-6,-1.3778325518506589e-6,6.819586849424238e-6,-8.507512963511975e-6,4.743682517229573e-5,5.948441445827484,-6.999511480331421,34.64410561323166
repair_support,2.0,Metal-substitution elasticity,1.0,243,4.968543538119029e-6,-1.8994385286881614e-7,1.0739932480856379e-5,-6.155711717515255e-5,8.535606477359351e-5,25.24064153432846,-0.9649316072463989,54.55980888009071
repair_support,2.0,Metal-substitution elasticity,2.0,243,5.9116506859418534e-6,1.39521989723354e-6,1.223660089324246e-5,-2.6724423208191026e-5,0.00011780942893253916,30.03170943260193,7.087840735912323,62.16301706433296
repair_support,2.0,Post-use activity productivity elasticity,0.5,243,5.679765407202667e-6,1.850038521243161e-7,9.2253701863099e-6,-1.9991854043334065e-5,4.027535342975359e-5,28.853711664676666,0.9398359656333923,46.86569818854332
repair_support,2.0,Post-use activity productivity elasticity,1.0,243,4.820331430801223e-6,-6.28476683551496e-7,9.963890541628973e-6,-6.155711717515255e-5,0.00011780942893253916,24.487710893154144,-3.1927172541618347,50.617447048425674
repair_support,2.0,Post-use activity productivity elasticity,2.0,243,2.520094562231264e-6,-8.710612610874804e-7,8.503764096225897e-6,-1.1849692064710675e-5,0.00010053308604160064,12.802303731441498,-4.425068408250809,43.1998752951622
repair_support,2.0,Post-use allocation elasticity,0.5,243,5.557373428991327e-6,5.639801448254239e-7,9.20753372541757e-6,-7.583106481920598e-6,4.743682517229573e-5,28.2319495677948,2.8650691211223602,46.775087386369705
repair_support,2.0,Post-use allocation elasticity,1.0,243,3.457956287766433e-6,-7.559407760095067e-7,8.749494430004284e-6,-1.1849692064710675e-5,0.00010053308604160064,17.56672441959381,-3.8402461409568787,44.448207169771194
repair_support,2.0,Post-use allocation elasticity,2.0,243,1.946822538061891e-6,-9.837789993096036e-7,1.013231174983467e-5,-6.155711717515255e-5,0.00011780942893253916,9.890031039714813,-4.997684508562088,51.47304171323776
reuse_support,0.25,Armington elasticity,0.5,243,1.5426414483835265e-5,-1.1823352856257395e-5,9.175299733346986e-5,-7.541711253864289e-5,0.007828396949789143,78.36755281686783,-60.06368041038513,466.11335849761963
reuse_support,0.25,Armington elasticity,1.0,243,1.3617360070090475e-5,-8.588883564372573e-6,8.961607761578613e-5,-3.0209651101906103e-5,0.0006818701219991874,69.17739605903625,-43.632289737463,455.2576169371605
reuse_support,0.25,Armington elasticity,2.0,243,3.569611152917686e-5,-7.579783745210234e-7,0.0001047942206459301,-2.9137200717186042e-5,0.00046957717666292793,181.3394103050232,-3.850597321987152,532.3639287650585
reuse_support,0.25,CET transformation elasticity,0.5,243,4.892711073084266e-5,1.1626146791052692e-5,0.00014012836313748183,-1.7772402715790733e-5,0.007828396949789143,248.5540589094162,59.061856120824814,711.8645042777061
reuse_support,0.25,CET transformation elasticity,1.0,243,1.6283967837439816e-5,-9.619997347283425e-6,9.26110671147671e-5,-7.541711253864289e-5,0.00029090971134600896,82.72399985790253,-48.870439141988754,470.4724290370941
reuse_support,0.25,CET transformation elasticity,2.0,243,-2.4998258753380603e-6,-1.4661446935460528e-5,7.304377347956963e-5,-3.7061400021326274e-5,0.00030265433737914553,-12.699337005615234,-74.48144987225533,371.068843126297
reuse_support,0.25,Circular-service elasticity,0.5,243,-1.344357294762458e-5,-1.7837918511359357e-5,-2.612636151676652e-6,-3.7061400021326274e-5,0.007828396949789143,-68.29454207420349,-90.61820700764656,-13.272423207759857
reuse_support,0.25,Circular-service elasticity,1.0,243,1.6327730235569927e-5,-7.384083111016013e-7,3.937559159562254e-5,-2.027206422362862e-5,0.00046957717666292793,82.94631671905518,-3.751179665327072,200.03149515390396
reuse_support,0.25,Circular-service elasticity,2.0,243,0.00011054641264029881,8.865362082055328e-5,0.00015386462342943923,-7.541711253864289e-5,0.0006818701219991874,561.5855739116669,450.3682511150837,781.6459240019321
reuse_support,0.25,Metal-substitution elasticity,0.5,243,2.356916795783877e-5,-5.891227733655331e-6,9.787270084367251e-5,-3.6066713990577324e-5,0.0005278012821585066,119.73346215486526,-29.92795902490616,497.2019947171211
reuse_support,0.25,Metal-substitution elasticity,1.0,243,1.9010099753842328e-5,-8.558380398803128e-6,9.180356161755398e-5,-7.541711253864289e-5,0.0006818701219991874,96.57299160957336,-43.47733095288277,466.3702295422554
reuse_support,0.25,Metal-substitution elasticity,2.0,243,2.5500553854482445e-5,-9.568448541884933e-6,9.284136811091417e-5,-3.503199090433281e-5,0.007828396949789143,129.54507368803024,-48.608566641807556,471.64237850904465
reuse_support,0.25,Post-use activity productivity elasticity,0.5,243,1.3889090358694277e-5,-9.481518749169362e-6,8.738527413637959e-5,-2.9137200717186042e-5,0.0002052804449664854,70.55781000852585,-48.16695559024811,443.9249375462532
reuse_support,0.25,Post-use activity productivity elasticity,1.0,243,3.0403409972676803e-5,-5.272090324873407e-6,0.00010624670647237299,-2.6574061440545285e-5,0.0004912653924082659,154.4520173072815,-26.78268611431122,539.7426854968071
reuse_support,0.25,Post-use activity productivity elasticity,2.0,243,2.37118610764013e-5,-8.912937951091787e-6,9.366161235338212e-5,-7.541711253864289e-5,0.007828396949789143,120.45835584402084,-45.27851474285126,475.8092919588089
reuse_support,0.25,Post-use allocation elasticity,0.5,243,1.6892754552248984e-5,-9.630760121572862e-6,8.610688305388364e-5,-7.541711253864289e-5,0.0002825340190760907,85.816690325737,-48.9251149892807,437.43059754371643
reuse_support,0.25,Post-use allocation elasticity,1.0,243,2.1250458559355375e-5,-8.06444448035901e-6,9.531617966151282e-5,-2.669415608697559e-5,0.0006818701219991874,107.95421290397644,-40.96809270977974,484.21464052796364
reuse_support,0.25,Post-use allocation elasticity,2.0,243,3.067752022853026e-5,-4.941685262050999e-6,0.00010438487764236881,-3.7061400021326274e-5,0.007828396949789143,155.8445217013359,-25.10419911146164,530.284430027008
reuse_support,0.5,Armington elasticity,0.5,243,8.614557486305337e-5,-7.114490925742644e-6,0.0002638823941630708,-4.50458113447069e-5,0.009019485621837227,437.6271553635597,-36.14224445819855,1340.5459501743317
reuse_support,0.5,Armington elasticity,1.0,243,0.00010273029494641903,-6.748295370678595e-6,0.00024052711974864604,-4.2375794720478234e-5,0.0012799763224866291,521.8790032863617,-34.28193858265877,1221.899086177349
reuse_support,0.5,Armington elasticity,2.0,243,0.00012891078932538143,1.585649239063623e-5,0.00026681489211584917,-3.7876239272800617e-5,0.002175267066595671,654.8782351016998,80.55238670110703,1355.4432996809483
reuse_support,0.5,CET transformation elasticity,0.5,243,0.00027864359824993247,5.299112855218054e-5,0.00038355281111585715,-2.596490010299974e-5,0.009019485621837227,1415.5341752171516,269.19962963461876,1948.4822746515274
reuse_support,0.5,CET transformation elasticity,1.0,243,9.239329131166254e-5,-7.329104059491483e-6,0.00022694975658375002,-3.813999971465443e-5,0.0011053148186218114,469.36610865592957,-37.232498198747635,1152.9248779416084
reuse_support,0.5,CET transformation elasticity,2.0,243,1.1603796571455289e-5,-1.7735184001499437e-5,0.00016753750797097327,-4.50458113447069e-5,0.0006485119702371835,58.948315024375916,-90.09630659222603,851.1053892970085
reuse_support,0.5,Circular-service elasticity,0.5,243,-1.7135895514183584e-5,-2.484181209125665e-5,5.108725590834598e-6,-4.50458113447069e-5,0.007896397613943064,-87.05186796188354,-126.19860714673996,25.952778786420822
reuse_support,0.5,Circular-service elasticity,1.0,243,8.974445836006155e-5,2.615519767627709e-5,0.00021707118487728248,-1.3303061332732854e-5,0.0010230830592579498,455.90980249643326,132.87072232365608,1102.7408581376076
reuse_support,0.5,Circular-service elasticity,2.0,243,0.00026322299580981245,0.00020750900669916817,0.0003743809244116502,0.0001260074633186492,0.009019485621837227,1337.196148097515,1054.1641454994678,1901.8882772922516
reuse_support,0.5,Metal-substitution elasticity,0.5,243,0.00010785092717277664,-5.123679384388134e-6,0.0002457872680688974,-4.019583183713973e-5,0.0015368533051901224,547.8922688364983,-26.028745383024216,1248.621105849743
reuse_support,0.5,Metal-substitution elasticity,1.0,243,0.00010689806994289722,-1.1621029651445046e-6,0.00026656742177332937,-4.321802167586754e-5,0.002175267066595671,543.0516696572304,-5.903586059808731,1354.1861284077168
reuse_support,0.5,Metal-substitution elasticity,2.0,243,0.00012192337442334867,-3.875144281429954e-6,0.00026735892628388833,-4.50458113447069e-5,0.009019485621837227,619.3815481066704,-19.686076402664185,1358.2070414721966
reuse_support,0.5,Post-use activity productivity elasticity,0.5,243,8.426310068188498e-5,-1.0446048834679904e-5,0.00022575645323165633,-3.594874107995111e-5,0.009019485621837227,428.0640196800232,-53.066853910684586,1146.8627911508083
reuse_support,0.5,Post-use activity productivity elasticity,1.0,243,0.0001602808933992195,2.403835014718476e-6,0.000289236261275602,-3.755347204822208e-5,0.0012799763224866291,814.2411441206932,12.211694926023483,1469.3458422124386
reuse_support,0.5,Post-use activity productivity elasticity,2.0,243,0.00010184996880360892,-1.5248788103103948e-6,0.0002653792587393693,-4.50458113447069e-5,0.007896397613943064,517.4068684577942,-7.746519505977631,1348.15015488863
reuse_support,0.5,Post-use allocation elasticity,0.5,243,8.329721153445273e-5,-7.640339670210476e-6,0.00023591088481203683,-3.594874107995111e-5,0.0009915303516090923,423.15721720457077,-38.813602685928345,1198.4482035636902
reuse_support,0.5,Post-use allocation elasticity,1.0,243,0.00011500536380093052,-4.623032434424735e-6,0.0002648704770178363,-3.813999971465443e-5,0.002175267066595671,584.2374410033226,-23.485414505004883,1345.565498650074
reuse_support,0.5,Post-use allocation elasticity,2.0,243,0.00014211619294396733,5.482399163176336e-6,0.00029546931110152293,-4.50458113447069e-5,0.009019485621837227,721.9628558754921,27.851073652505875,1501.0102877616882
reuse_support,1.0,Armington elasticity,0.5,243,0.0003166459217917243,-1.039736277399752e-6,0.000513758725482205,-0.00012645641244246914,0.013852982401085751,1608.5893469452858,-5.281952440738678,2609.9398597478867
reuse_support,1.0,Armington elasticity,1.0,243,0.0002817788913378373,2.9883094848004855e-5,0.0005048933535485478,-0.00010848197598653864,0.010720686881757008,1431.4617419838905,151.80877035856247,2564.9029845893383
reuse_support,1.0,Armington elasticity,2.0,243,0.00032030158408167847,4.234101889161305e-5,0.000541641402899424,-0.0001563498230318618,0.015743795445753415,1627.1604353785515,215.09612864255905,2751.5863322615623
reuse_support,1.0,CET transformation elasticity,0.5,243,0.0005089281878609787,0.0001757413175650712,0.0007955853206590821,-7.216593693709265e-5,0.015743795445753415,2585.400300502777,892.7814691364765,4041.64394146204
reuse_support,1.0,CET transformation elasticity,1.0,243,0.000308155823476285,3.116247495728631e-5,0.0005057414829796939,-0.00012645641244246914,0.005477776810481214,1565.4588950276375,158.30813470482826,2569.2115572690964
reuse_support,1.0,CET transformation elasticity,2.0,243,6.438210865138743e-5,-2.886171267355354e-5,0.00037810354032852836,-0.0001563498230318618,0.0008066015173093075,327.0668181180954,-146.62005838751793,1920.7994960844517
reuse_support,1.0,Circular-service elasticity,0.5,243,-2.366624576880444e-5,-4.465673177165923e-5,6.290263219484853e-5,-0.0001563498230318618,0.015743795445753415,-120.22662603855133,-226.86015531420708,319.5509465932846
reuse_support,1.0,Circular-service elasticity,1.0,243,0.0002513932762091266,9.67113438680926e-5,0.0004710009338979507,-3.49758418094059e-5,0.010705399723668988,1277.1001240611076,491.30219835042953,2392.7264888882637
reuse_support,1.0,Circular-service elasticity,2.0,243,0.0005290141476308007,0.00043552501567297754,0.0007993378461283445,0.00015171963560705421,0.010720686881757008,2687.4387563467026,2212.5056800842285,4060.707103431225
reuse_support,1.0,Metal-substitution elasticity,0.5,243,0.0002767607979032726,5.475780317783549e-6,0.0005182679926509251,-0.0001563498230318618,0.0017516333564175177,1405.969382584095,27.81744933128357,2632.8473366200924
reuse_support,1.0,Metal-substitution elasticity,1.0,243,0.00026546910035589905,1.8847848944300855e-5,0.0005306929772140128,-0.00012826480019927796,0.015743795445753415,1348.6065582633018,95.74874311685562,2695.9673594236374
reuse_support,1.0,Metal-substitution elasticity,2.0,243,0.0003579279622034234,6.539154728418917e-5,0.0005176915344092746,-0.00011356604629395164,0.013852982401085751,1818.3057710528374,332.19485583901405,2629.918877661228
reuse_support,1.0,Post-use activity productivity elasticity,0.5,243,0.0002945034685692795,-9.764957262511932e-7,0.0005193236680234381,-0.00012645641244246914,0.013852982401085751,1496.1037220954895,-4.960684835910797,2638.2102610766888
reuse_support,1.0,Post-use activity productivity elasticity,1.0,243,0.0003202277671641683,5.6460702591578e-5,0.0005449659156094668,-0.0001563498230318618,0.010720686881757008,1626.7854388952255,286.825373262167,2768.4751514792442
reuse_support,1.0,Post-use activity productivity elasticity,2.0,243,0.00030159770702310864,1.099193869290702e-5,0.0004993226999435905,-0.00012826480019927796,0.015743795445753415,1532.1430822014809,55.84002277255058,2536.60357055068
reuse_support,1.0,Post-use allocation elasticity,0.5,243,0.0002956406331690778,6.955634371370727e-6,0.0005114787661706763,-0.00012645641244246914,0.010705399723668988,1501.8806190490723,35.335239082574844,2598.3574643731117
reuse_support,1.0,Post-use allocation elasticity,1.0,243,0.00030037864470015043,3.754686850851862e-5,0.0005186697715932934,-0.0001563498230318618,0.013852982401085751,1525.9501375555992,190.7414197921753,2634.888409256935
reuse_support,1.0,Post-use allocation elasticity,2.0,243,0.00032921604516298497,3.5701330845554284e-5,0.0005423923027709425,-0.00012826480019927796,0.015743795445753415,1672.446687757969,181.36592489480972,2755.400970160961
reuse_support,2.0,Armington elasticity,0.5,243,0.0005413285784478431,6.140083459893727e-5,0.0010883436970152336,-0.0004739150379846741,0.017081622364624932,2749.9971563220024,311.921681702137,5528.882440447807
reuse_support,2.0,Armington elasticity,1.0,243,0.0005611922008614922,7.356586249786595e-5,0.0010800536078474311,-0.0002025334391988712,0.0295385108707589,2850.9061186909676,373.72110161185265,5486.768052726984
reuse_support,2.0,Armington elasticity,2.0,243,0.0006156877551120473,0.00011364978480641271,0.0010913688990242133,-0.00021702999872764785,0.021775637123013534,3127.748364210129,577.3509795665741,5544.2507347762585
reuse_support,2.0,CET transformation elasticity,0.5,243,0.000811042606489803,0.0003725128536586494,0.0016891088513751934,-0.0004739150379846741,0.021775637123013534,4120.168323457241,1892.3983123004436,8580.822670251131
reuse_support,2.0,CET transformation elasticity,1.0,243,0.0006084504064786805,0.00010110594023628721,0.0010768239781394726,-0.00023092634597776267,0.0295385108707589,3090.9819917082787,513.6271373927593,5470.361247569323
reuse_support,2.0,CET transformation elasticity,2.0,243,0.00017482139350335338,-5.2152992598157474e-5,0.0008221537509317139,-0.00021702999872764785,0.0056821875447773,888.1081733703613,-264.94182470440865,4176.613921999931
reuse_support,2.0,Circular-service elasticity,0.5,243,-1.621390304898702e-5,-9.430199495087431e-5,0.00014171416089746124,-0.0004739150379846741,0.015600320721535742,-82.36806452274323,-479.0624923110008,719.9204974472523
reuse_support,2.0,Circular-service elasticity,1.0,243,0.000490742928796568,0.00023341590183518764,0.0007468518920710873,1.680662273212626e-5,0.021775637123013534,2493.0175727009773,1185.7734689116478,3794.0738050043583
reuse_support,2.0,Circular-service elasticity,2.0,243,0.0011868656460819703,0.0009203288279320983,0.0016356766032369218,0.0003063061093253606,0.0295385108707589,6029.382673680782,4675.352014392614,8309.38211402297
reuse_support,2.0,Metal-substitution elasticity,0.5,243,0.0005044464497611323,5.4838047833747386e-5,0.0009893995449157368,-0.0004739150379846741,0.021775637123013534,2562.632673740387,278.58214327692986,5026.237378388643
reuse_support,2.0,Metal-substitution elasticity,1.0,243,0.0006173923218017077,9.487489247550217e-5,0.0011248712384768905,-0.0001828643781457685,0.0295385108707589,3136.4077140688896,481.97286251187325,5714.445588499308
reuse_support,2.0,Metal-substitution elasticity,2.0,243,0.0006248164568456426,0.00010749441584834062,0.0011604162984029532,-0.00021702999872764785,0.016215325302041315,3174.12297809124,546.0811597108841,5895.017643272877
reuse_support,2.0,Post-use activity productivity elasticity,0.5,243,0.000712539802042296,6.465848646068379e-5,0.0010690342118915598,-0.00021702999872764785,0.016215325302041315,3619.7653465867043,328.47084188461304,5430.788544625044
reuse_support,2.0,Post-use activity productivity elasticity,1.0,243,0.0005618383176425709,0.00011590907512479349,0.0011657118037517494,-0.0004739150379846741,0.0295385108707589,2854.188449203968,588.8283746242523,5921.919279783964
reuse_support,2.0,Post-use activity productivity elasticity,2.0,243,0.0005075696359489409,6.470751162246507e-5,0.0009670512490715626,-0.00023092634597776267,0.017081622364624932,2578.4987363815308,328.7198940515518,4912.706054776907
reuse_support,2.0,Post-use allocation elasticity,0.5,243,0.000574622954716344,7.486675338975435e-5,0.0011856370602586362,-0.00021702999872764785,0.021775637123013534,2919.135538637638,380.3297426402569,6023.141348809004
reuse_support,2.0,Post-use allocation elasticity,1.0,243,0.0005709593679863401,7.82228606801139e-5,0.0010754761827949672,-0.0004739150379846741,0.0295385108707589,2900.5241933465004,397.37906512618065,5463.514327764511
reuse_support,2.0,Post-use allocation elasticity,2.0,243,0.0005618383176425709,9.094326366460609e-5,0.001045473587259827,-0.00023092634597776267,0.015600320721535742,2854.188449203968,461.9998396933079,5311.098483324051
virgin_metal_tax,0.25,Armington elasticity,0.5,243,2.494002438879046e-6,-1.1821923202782699e-5,3.249537218715381e-5,-0.00014281149452591966,0.0002414687577262704,12.669753432273865,-60.056417644023895,165.07937076687813
virgin_metal_tax,0.25,Armington elasticity,1.0,243,1.2219863807936156e-5,-1.4220443177499183e-6,4.579579156076803e-5,-2.859729882717872e-5,0.0002683861021164576,62.07799118757248,-7.224111169576645,232.64667999744415
virgin_metal_tax,0.25,Armington elasticity,2.0,243,3.491369408096632e-5,1.2119994295527277e-5,0.00010843725801238467,-3.1879326686043016e-6,0.0008276904835150112,177.36466032266617,61.570645213127136,550.8708814680576
virgin_metal_tax,0.25,CET transformation elasticity,0.5,243,4.4611502121675216e-5,1.3848281612510545e-5,0.000116414281375074,-2.2563770396647133e-6,0.0008276904835150112,226.630384683609,70.35049796104431,591.3948671519756
virgin_metal_tax,0.25,CET transformation elasticity,1.0,243,1.970771323995734e-5,3.347299631641609e-6,4.348728072040245e-5,-1.8221994009788106e-5,0.00034641170721813727,100.11692994832993,17.004578799009323,220.91924032568932
virgin_metal_tax,0.25,CET transformation elasticity,2.0,243,-2.9462662975076824e-6,-1.7320433795275393e-5,9.876496755968593e-6,-0.00014281149452591966,0.0003519005009270832,-14.967293918132782,-87.98933878540993,50.17347887158394
virgin_metal_tax,0.25,Circular-service elasticity,0.5,243,1.6718507543385197e-5,-5.192860942453103e-7,5.6303874542647155e-5,-0.00014281149452591966,0.0008276904835150112,84.93150007724762,-2.638019382953644,286.02867287397385
virgin_metal_tax,0.25,Circular-service elasticity,1.0,243,1.526746965628971e-5,-6.421940660266407e-7,6.39674237979349e-5,-0.00012044422108171004,0.0002989917900045983,77.56009900569916,-3.2624027729034424,324.9601823091507
virgin_metal_tax,0.25,Circular-service elasticity,2.0,243,1.3576007006891527e-5,-7.262999502329949e-7,5.70484010464608e-5,-8.87495752384936e-5,0.0004903216618043916,68.9673188328743,-3.689668118953705,289.81093350052834
virgin_metal_tax,0.25,Metal-substitution elasticity,0.5,243,1.0523223670280323e-5,-3.853062072727121e-7,3.657558522897698e-5,-9.682044095717907e-5,0.0004903216618043916,53.458908915519714,-1.9573896825313568,185.8072146475315
virgin_metal_tax,0.25,Metal-substitution elasticity,1.0,243,1.1106950542202065e-5,-1.681680565603079e-6,4.0475482776052176e-5,-8.87495752384936e-5,0.00034641170721813727,56.42429316043854,-8.54308632016182,205.61903983354568
virgin_metal_tax,0.25,Metal-substitution elasticity,2.0,243,3.71451582804133e-5,1.741299605238766e-7,9.549313923277951e-5,-0.00014281149452591966,0.0008276904835150112,188.7006962299347,0.8845956325531006,485.1136108338833
virgin_metal_tax,0.25,Post-use activity productivity elasticity,0.5,243,1.690127396066063e-5,-1.3075613565843208e-7,6.385709391153398e-5,-9.37895232264846e-5,0.0003519005009270832,85.85996967554092,-0.664252758026123,324.3996967077255
virgin_metal_tax,0.25,Post-use activity productivity elasticity,1.0,243,1.526746965628971e-5,-9.774179571073114e-7,7.100713404638066e-5,-0.0001100805877178563,0.0008276904835150112,77.56009900569916,-4.96536985039711,360.7225342988968
virgin_metal_tax,0.25,Post-use activity productivity elasticity,2.0,243,1.279830897915574e-5,-1.0125211540800913e-6,5.2986575705008666e-5,-0.00014281149452591966,0.0004103080252295365,65.0165439248085,-5.143697202205658,269.1765007674694
virgin_metal_tax,0.25,Post-use allocation elasticity,0.5,243,1.4734881515791674e-5,-1.3004550639936343e-6,6.634453358872708e-5,-9.37895232264846e-5,0.00031141000983426044,74.85450404882431,-6.606426984071732,337.0361107289791
virgin_metal_tax,0.25,Post-use allocation elasticity,1.0,243,1.2684389066728204e-5,-6.183873361333327e-7,4.447581188696894e-5,-0.00014281149452591966,0.0008276904835150112,64.43782067298889,-3.1414624750614166,225.9410662651062
virgin_metal_tax,0.25,Post-use allocation elasticity,2.0,243,1.747971706687301e-5,1.741299605238766e-7,7.163259649467511e-5,-0.0001100805877178563,0.0004903216618043916,88.79851192235947,0.8845956325531006,363.8999389708042
virgin_metal_tax,0.5,Armington elasticity,0.5,243,3.103909511385614e-5,-2.581965263557663e-5,0.00014137500836617538,-0.0006549465036842871,0.011901028535775345,157.6813541650772,-131.16612377762794,718.197572529316
virgin_metal_tax,0.5,Armington elasticity,1.0,243,0.00011515877581825611,1.5910819932520404e-5,0.00028501482914872607,-6.936281084384609e-5,0.024656928208424005,585.016787648201,80.82837542891502,1447.9005928635597
virgin_metal_tax,0.5,Armington elasticity,2.0,243,0.0003690945350763605,0.00018981216458791448,0.000491561035405019,-0.00021929918848907827,0.013670591041817885,1875.032950937748,964.2626191079617,2497.17362678051
virgin_metal_tax,0.5,CET transformation elasticity,0.5,243,0.00027101036385740283,0.00012492023382704262,0.00044107647411295917,-0.0003473605736933496,0.015060819139524452,1376.756667971611,634.6058594882488,2240.7075809836388
virgin_metal_tax,0.5,CET transformation elasticity,1.0,243,0.00016634243680293908,4.141010445314514e-5,0.0003877233552160358,-0.00016357651989093176,0.024656928208424005,845.0343218445778,210.36700078845024,1969.6690083146095
virgin_metal_tax,0.5,CET transformation elasticity,2.0,243,-2.605242125029848e-7,-3.0394108442945874e-5,0.00017848864273408994,-0.0006549465036842871,0.013670591041817885,-1.323486089706421,-154.40476471185684,906.7381244897842
virgin_metal_tax,0.5,Circular-service elasticity,0.5,243,0.00017362882298814746,2.4472048486063335e-5,0.0003584234131269995,-0.0006549465036842871,0.015060819139524452,882.0498094558716,124.3201752603054,1820.82270565629
virgin_metal_tax,0.5,Circular-service elasticity,1.0,243,0.00011515877581825611,1.6644297658604465e-5,0.0003574810137309219,-0.0003473605736933496,0.013670591041817885,585.016787648201,84.55450728535652,1816.0352331995964
virgin_metal_tax,0.5,Circular-service elasticity,2.0,243,0.00017821594257281116,2.0915206245098605e-5,0.00036937298574181215,-0.0001696744980866157,0.024656928208424005,905.3527835011482,106.2511014342308,1876.4475049972534
virgin_metal_tax,0.5,Metal-substitution elasticity,0.5,243,9.454319392645422e-5,-1.4936050452209811e-6,0.0003093312569049793,-0.00018569985688801435,0.001416163346998746,480.28780448436737,-7.587646007537842,1571.430201023817
virgin_metal_tax,0.5,Metal-substitution elasticity,1.0,243,0.00012520184615280477,1.423763487522207e-5,0.0003314422886967691,-0.00014788377941724225,0.013670591041817885,636.0364750623703,72.32844704389572,1683.7562022209167
virgin_metal_tax,0.5,Metal-substitution elasticity,2.0,243,0.00024183924371425436,7.343479854126682e-5,0.0004167956594460894,-0.0006549465036842871,0.024656928208424005,1228.5647922158241,373.0552850961685,2117.3588904738426
virgin_metal_tax,0.5,Post-use activity productivity elasticity,0.5,243,0.00013904734606038732,1.6963990023552213e-5,0.00035840733855101495,-0.00018009549431179743,0.024656928208424005,706.3728417158127,86.17857283353806,1820.7410453855991
virgin_metal_tax,0.5,Post-use activity productivity elasticity,1.0,243,0.0001521424047391336,1.805393383164624e-5,0.0003639826920410023,-0.0006549465036842871,0.015060819139524452,772.8969004154205,91.71558398008347,1849.064335256815
virgin_metal_tax,0.5,Post-use activity productivity elasticity,2.0,243,0.00016642346413748738,2.618010517211553e-5,0.00036305349447380756,-0.00021929918848907827,0.013670591041817885,845.4459478855133,132.99725461006165,1844.3439292609692
virgin_metal_tax,0.5,Post-use allocation elasticity,0.5,243,0.00013159023773903528,1.4759463092548408e-5,0.0003628864278689914,-0.0006549465036842871,0.015060819139524452,668.4900705218315,74.9793806374073,1843.495216101408
virgin_metal_tax,0.5,Post-use allocation elasticity,1.0,243,0.00013253017518357176,1.2060248269707333e-5,0.0003413213236804731,-0.00021929918848907827,0.024656928208424005,673.265036046505,61.267130106687546,1733.9425755143166
virgin_metal_tax,0.5,Post-use allocation elasticity,2.0,243,0.00018276554900958268,4.0852337890265864e-5,0.00036966915075116436,-0.00018009549431179743,0.013670591041817885,928.4651874303818,207.53349721431732,1877.9520494937897
virgin_metal_tax,1.0,Armington elasticity,0.5,243,0.00013802075854941852,-4.729654962522302e-5,0.00046382793138632016,-0.0008688909526036381,0.016604330637614923,701.1576861739159,-240.2706639766693,2356.287000387907
virgin_metal_tax,1.0,Armington elasticity,1.0,243,0.00041321512382768284,0.00014930667607827082,0.0006109366677527128,-0.00044041320449381843,0.02641544588569958,2099.169452190399,758.4911474883556,3103.612419337034
virgin_metal_tax,1.0,Armington elasticity,2.0,243,0.0007656907700568824,0.0005380856926576317,0.0009959677108065165,-0.0002955390522940213,0.020279618422397425,3889.7769748568535,2733.5230090916157,5059.604243248701
virgin_metal_tax,1.0,CET transformation elasticity,0.5,243,0.0006502373101559278,0.0004470899439182378,0.0009814177825970855,-0.0008688909526036381,0.016604330637614923,3303.263165950775,2271.256540566683,4985.6893183887005
virgin_metal_tax,1.0,CET transformation elasticity,1.0,243,0.00047423315415692796,0.00022490026095217886,0.0008432072203454154,-0.0002955390522940213,0.02641544588569958,2409.1464542746544,1142.5132584869862,4283.56741258502
virgin_metal_tax,1.0,CET transformation elasticity,2.0,243,0.00013964773946125575,-4.385399631691853e-5,0.0005222044406244636,-0.0003611657624157829,0.020279618422397425,709.4228934049606,-222.78218805789948,2652.844841212034
virgin_metal_tax,1.0,Circular-service elasticity,0.5,243,0.0004511427649442763,9.293665783720003e-5,0.0008227420966195459,-0.00044041320449381843,0.020279618422397425,2291.845230579376,472.12645876407623,4179.602770239115
virgin_metal_tax,1.0,Circular-service elasticity,1.0,243,0.00045298728484049013,0.00011900351066899674,0.0007577645252403234,-0.0003639525220983014,0.016604330637614923,2301.2155551314354,604.548381447792,3849.510948687792
virgin_metal_tax,1.0,Circular-service elasticity,2.0,243,0.0004954281297972225,0.00019850182199101046,0.0008102560798834169,-0.0008688909526036381,0.02641544588569958,2516.81880903244,1008.4068488776684,4116.172698587179
virgin_metal_tax,1.0,Metal-substitution elasticity,0.5,243,0.0003689892340094697,3.4812792863009125e-5,0.0006423869760622794,-0.0003611657624157829,0.0025846799142240392,1874.4980121850967,176.85207319259644,3263.3827729821205
virgin_metal_tax,1.0,Metal-substitution elasticity,1.0,243,0.00043175314811821577,6.873861728942332e-5,0.0006903518062450532,-0.0008688909526036381,0.013647746067702821,2193.344258606434,349.1982681155205,3507.0483614206314
virgin_metal_tax,1.0,Metal-substitution elasticity,2.0,243,0.000630028684817957,0.0003178458752811185,0.0011180407986675217,-0.00041345627594169086,0.02641544588569958,3200.601558148861,1614.6852170228958,5679.746348887682
virgin_metal_tax,1.0,Post-use activity productivity elasticity,0.5,243,0.0004665296316501643,0.00011283632941454228,0.0008103295589200655,-0.00041345627594169086,0.02641544588569958,2370.011877179146,573.2185540795326,4116.545978605747
virgin_metal_tax,1.0,Post-use activity productivity elasticity,1.0,243,0.0004589706125454542,0.00013183040607676698,0.0008359997546598726,-0.0008688909526036381,0.020279618422397425,2331.611390173435,669.7101469635963,4246.952848106623
virgin_metal_tax,1.0,Post-use activity productivity elasticity,2.0,243,0.00047060202878209333,0.00015959952102132053,0.000736780495492892,-0.00044041320449381843,0.013647746067702821,2390.7000155448914,810.7797120511532,3742.9102177619934
virgin_metal_tax,1.0,Post-use allocation elasticity,0.5,243,0.000444323919549619,9.572650006446339e-5,0.0007679971921135532,-0.00041345627594169086,0.020279618422397425,2257.2048916220665,486.29910454154015,3901.493803322315
virgin_metal_tax,1.0,Post-use allocation elasticity,1.0,243,0.00048150693460206217,0.0001015563201692838,0.0007374405917715049,-0.00044041320449381843,0.02641544588569958,2446.097903609276,515.9151073694229,3746.2635653615
virgin_metal_tax,1.0,Post-use allocation elasticity,2.0,243,0.0004890382360476295,0.00018720335758067025,0.0008494900905308829,-0.0008688909526036381,0.017072899451003223,2484.357582449913,951.0096482932568,4315.484949976206
virgin_metal_tax,2.0,Armington elasticity,0.5,241,0.00032064490538647345,-0.0002102761085554754,0.0007921398209380639,-0.002009550512980299,0.020572505811201437,1628.9045380353928,-1068.2212681770325,4024.140497505665
virgin_metal_tax,2.0,Armington elasticity,1.0,241,0.0007656923456218547,0.00023221508158266906,0.001154330809250963,-0.0009355948663098563,0.025098803953479375,3889.784978866577,1179.6731956005096,5864.1028190255165
virgin_metal_tax,2.0,Armington elasticity,2.0,237,0.0015113260217470366,0.0009881400561016212,0.0019956859219676286,-0.0014417371956994978,0.03026661633350828,7677.670138895512,5019.8390635848045,10138.261360704899
virgin_metal_tax,2.0,CET transformation elasticity,0.5,243,0.001309698926990339,0.0007144515363077352,0.0019938914777057207,-0.002009550512980299,0.03026661633350828,6653.38662737608,3629.4771260917187,10129.145424813032
virgin_metal_tax,2.0,CET transformation elasticity,1.0,243,0.0009370292961570025,0.00042848731349695384,0.0015732722106165282,-0.0014417371956994978,0.025098803953479375,4760.1918731331825,2176.753529280424,7992.36226862669
virgin_metal_tax,2.0,CET transformation elasticity,2.0,233,0.0002622594514306572,-0.00018809512202485026,0.0008180932991365751,-0.001549520775785261,0.020416100412853976,1332.3012572526932,-955.5398907065392,4155.986467003822
virgin_metal_tax,2.0,Circular-service elasticity,0.5,239,0.0007332513557813872,0.0002167544463168156,0.0015608642339714277,-0.0013863863311855528,0.02042128517698694,3724.9818752408028,1101.1317981779575,7929.328647553921
virgin_metal_tax,2.0,Circular-service elasticity,1.0,240,0.0007627192159033554,0.00022521622194960283,0.0015648499493343948,-0.001549520775785261,0.021449405467035994,3874.681216388941,1144.11836835742,7949.576434850693
virgin_metal_tax,2.0,Circular-service elasticity,2.0,240,0.0009508804458410007,0.0005093656969117369,0.001591945714560942,-0.002009550512980299,0.03026661633350828,4830.556941151619,2587.6228852570057,8087.225323691964
virgin_metal_tax,2.0,Metal-substitution elasticity,0.5,242,0.0006133588973785386,0.0001123778190629227,0.001191945207910522,-0.001549520775785261,0.004911028174689166,3115.917560517788,570.8892808556557,6055.1872979700565
virgin_metal_tax,2.0,Metal-substitution elasticity,1.0,239,0.0007801453470356166,0.0001884764361926858,0.0013601091964250303,-0.002009550512980299,0.013600395700363567,3963.2075070142746,957.4770004749298,6909.475263953209
virgin_metal_tax,2.0,Metal-substitution elasticity,2.0,238,0.001256303366971068,0.0006594948787580949,0.003547311000057834,-0.0014417371956994978,0.03026661633350828,6382.132450044155,3350.2924349457026,18020.65427751839
virgin_metal_tax,2.0,Post-use activity productivity elasticity,0.5,243,0.0008424033383895551,0.00026611292236886205,0.0016248112088284986,-0.0013205461782433067,0.03026661633350828,4279.483621001244,1351.8772311508656,8254.184947431087
virgin_metal_tax,2.0,Post-use activity productivity elasticity,1.0,237,0.0008465559328523868,0.0003195906509967405,0.0016080616525822613,-0.002009550512980299,0.020416100412853976,4300.579168915749,1623.5488322973251,8169.095717191696
virgin_metal_tax,2.0,Post-use activity productivity elasticity,2.0,239,0.0008095417627392858,0.00029246690036708624,0.001508711044775188,-0.0014417371956994978,0.020572505811201437,4112.543904185295,1485.7577751278877,7664.385824114084
virgin_metal_tax,2.0,Post-use allocation elasticity,0.5,243,0.0008077381065818136,0.0002825486096807092,0.0015337861521752794,-0.0013205461782433067,0.03026661633350828,4103.3811710476875,1435.3719793856144,7791.769592106342
virgin_metal_tax,2.0,Post-use allocation elasticity,1.0,241,0.0007801453470356166,0.00022193208719130261,0.0015594151085270092,-0.0014417371956994978,0.025098803953479375,3963.2075070142746,1127.4346727132797,7921.966961860657
virgin_metal_tax,2.0,Post-use allocation elasticity,2.0,235,0.0009022672791591277,0.00035952192320507794,0.001779366037409001,-0.002009550512980299,0.02042128517698694,4583.597745835781,1826.4032342135906,9039.337174773216
