instrument,wedge_percent,family,route,valid_parameter_configurations,median_change_tonnes,lower_quartile_change_tonnes,upper_quartile_change_tonnes,median_change_percent,lower_quartile_change_percent,upper_quartile_change_percent
recycling_support,0.25,ELMA,INC,729,-0.003091464549470402,-0.012572828340836395,-0.0002530541218561666,-2.020309717684073e-6,-8.216496378752567e-6,-1.6537394924150263e-7
recycling_support,0.25,ELMA,REC,729,10.47145790170017,5.232268035768776,20.940805391701993,0.018838961121578415,0.009413254107388554,0.037674125449595815
recycling_support,0.25,ELMA,REP,729,0.11273500484185206,-0.11006580987850612,0.2542326858110755,5.064303601623409e-6,-4.944397511360931e-6,1.1420689680277929e-5
recycling_support,0.25,ELMA,REU,729,-2.51319201340916e-5,-5.285786792152969e-5,1.7266078573552335e-6,-1.1971208700044757e-5,-2.5178043100243388e-5,8.224434461534913e-7
recycling_support,0.25,OFMA,INC,729,-3.872250176856218e-5,-0.0002347143205961022,5.006070543905894e-6,-1.4526860112626967e-6,-8.805376579511384e-6,1.878042047487357e-7
recycling_support,0.25,OFMA,REC,729,0.2097356267926893,0.10479368609700718,0.41936913131824954,0.01866636946150971,0.009326587436924633,0.037323650090580085
recycling_support,0.25,OFMA,REP,729,-0.5965390759990195,-0.7993540886080077,-0.18009682491659795,-0.0006620206779984702,-0.0008870985271415689,-0.00019986590473891093
recycling_support,0.25,OFMA,REU,729,0.0007110942872091686,0.0003129630859902699,0.0010505558195188502,0.002007595870040654,0.0008835725588165615,0.002965980127320062
recycling_support,0.25,RATV,INC,729,9.881689169333185e-5,-0.0038447606821989666,0.002713420306633907,2.744143991207156e-7,-1.0676896169157453e-5,7.53516519541706e-6
recycling_support,0.25,RATV,REC,729,2.1423536413199997,1.070388321153473,4.284160150994765,0.015113986998755912,0.007551430752378433,0.030224114064952987
recycling_support,0.25,RATV,REP,729,0.4563956478086766,0.105770047463011,0.6923091524949996,1.6845800887377378e-5,3.904027498871483e-6,2.5553491124281547e-5
recycling_support,0.25,RATV,REU,729,0.0001447862870334049,-8.911015731083438e-6,0.00029174895025274594,1.1138101171405879e-5,-6.855054907920762e-7,2.2443626334701282e-5
recycling_support,0.5,ELMA,INC,729,-0.006144051468865541,-0.02309424949119432,-0.0017506884800724265,-4.015212430828815e-6,-1.5092373185283084e-5,-1.1440962341081332e-6
recycling_support,0.5,ELMA,REC,729,20.996515667466618,10.48595515424163,42.081108890241055,0.03777435253631616,0.018865042798032843,0.07570716339388082
recycling_support,0.5,ELMA,REP,729,0.16848695199314534,-0.26262870211849076,0.4478213455822697,7.568803310049323e-6,-1.1797857142013353e-5,2.0117116742023567e-5
recycling_support,0.5,ELMA,REU,729,-4.406215637753341e-5,-9.576006349099053e-5,4.413437330708092e-6,-2.0988339408811606e-5,-4.5613852784178436e-5,2.1022738847082816e-6
recycling_support,0.5,OFMA,INC,729,-7.754943261908953e-5,-0.00040908681276843883,4.5412353195106725e-6,-2.909289710164651e-6,-1.5347011767282807e-5,1.703657749681134e-7
recycling_support,0.5,OFMA,REC,729,0.42052274316737426,0.210013979308671,0.8426673598514393,0.03742632098784363,0.018691142700960305,0.07499698793514752
recycling_support,0.5,OFMA,REP,729,-0.5368604526619611,-0.8303306833462658,-0.07974694329312415,-0.0005957911814353992,-0.0009214753971167037,-8.85006994366726e-5
recycling_support,0.5,OFMA,REU,729,0.0012154208912849018,0.0007601002487682695,0.001552380162429201,0.0034314351916414024,0.0021459518768362517,0.004382754943873104
recycling_support,0.5,RATV,INC,729,0.0006003160573868627,-0.007077611759655156,0.002875931987517788,1.667077028506142e-6,-1.9654520041602756e-5,7.986459953789399e-6
recycling_support,0.5,RATV,REC,729,4.297635990923538,2.146175481218833,8.610451569923342,0.030319184115738487,0.015140949512053534,0.060745457972594494
recycling_support,0.5,RATV,REP,729,0.11935879098018631,-0.35922076208225917,0.4670072388398694,4.405595094222299e-6,-1.3259025281473458e-5,1.7237480235039982e-5
recycling_support,0.5,RATV,REU,729,0.0002466135732945851,8.864446543377369e-5,0.00037069332298766966,1.8971457766323327e-5,6.8192302221188044e-6,2.851664905288099e-5
recycling_support,1.0,ELMA,INC,729,-0.012273261293358928,-0.043222379779734865,-0.003016017712411667,-8.020725666382493e-6,-2.8246351362945165e-5,-1.971004291197976e-6
recycling_support,1.0,ELMA,REC,729,42.2117238192054,21.067335967250052,84.79763619499401,0.07594214973405963,0.037901763722682294,0.152557493567335
recycling_support,1.0,ELMA,REP,729,0.26257493198318116,-0.5821460128736362,0.8119400324112576,1.17954416696382e-5,-2.6151275318632697e-5,3.6474126525393485e-5
recycling_support,1.0,ELMA,REU,729,-0.0001020247669227814,-0.0001948359968277913,1.1095763957635896e-5,-4.859794917735941e-5,-9.28071698406682e-5,5.285298748148956e-6
recycling_support,1.0,OFMA,INC,729,-0.00014043577059266732,-0.000675202211229603,-6.937784908955802e-6,-5.268489123977388e-6,-2.5330408992923533e-5,-2.602730357306602e-7
recycling_support,1.0,OFMA,REC,729,0.8452356187725877,0.4216796493758668,1.6979903863627401,0.0752255617384068,0.037529285081499414,0.15112032408908474
recycling_support,1.0,OFMA,REP,729,-0.4810628504108405,-0.8877177324276895,0.18879465751942082,-0.0005338687224395418,-0.0009851617752095246,0.00020951849124750614
recycling_support,1.0,OFMA,REU,729,0.0016653429803682451,0.0011492680546593137,0.0024888533449358707,0.004701677048637349,0.0032446692957681044,0.0070266514389256615
recycling_support,1.0,RATV,INC,729,-0.002786791641426589,-0.028247567339320767,0.0016173449351128966,-7.738917311121154e-6,-7.844346331088585e-5,4.491365098968067e-6
recycling_support,1.0,RATV,REC,729,8.67556586237734,4.335982639553734,17.3580345845384,0.06120482964242607,0.030589714030904845,0.12245835793619204
recycling_support,1.0,RATV,REP,729,-0.4552517850243021,-1.6619493084144779,0.2578865463437978,-1.6803580316693647e-5,-6.134341391923453e-5,9.518726640141388e-6
recycling_support,1.0,RATV,REU,729,0.0001401692272215982,-2.7182451026508403e-5,0.00035697638691889466,1.0782920578326159e-5,-2.091088153605207e-6,2.7461434330367434e-5
recycling_support,2.0,ELMA,INC,729,-0.033439947055327934,-0.16782913493976537,-0.008196629748653095,-2.1853412489007343e-5,-0.00010967838278702082,-5.356597324170855e-6
recycling_support,2.0,ELMA,REC,729,85.42759193234296,42.79050780337674,172.21831640742892,0.1536908325689945,0.07698342680148935,0.3098340458109919
recycling_support,2.0,ELMA,REP,729,0.3150321576185888,-1.5273306476383368,1.457476975987447,1.4151935263524513e-5,-6.861104153546041e-5,6.54730614429019e-5
recycling_support,2.0,ELMA,REU,729,-0.0002289990153014898,-0.0004331841968836514,4.208512696335376e-6,-0.00010908020515949987,-0.00020634071725466704,2.0046611454998524e-6
recycling_support,2.0,OFMA,INC,729,-0.00036029536876400203,-0.0029320299082871704,-7.435099789054878e-5,-1.351658643479313e-5,-0.00010999596198173986,-2.7892994932138393e-6
recycling_support,2.0,OFMA,REC,729,1.7078972101524266,0.8505622971971756,3.448248687507291,0.15200202662039167,0.07569963354488292,0.3068924673431812
recycling_support,2.0,OFMA,REP,729,-0.3813571088775092,-1.300462855346784,0.41624998532007984,-0.00042321836395347895,-0.001443213589598814,0.00046194140264317824
recycling_support,2.0,OFMA,REU,729,0.00274675810634617,0.0012653846756272014,0.004920407545662364,0.0077547806662089,0.0035724953701598908,0.013891533155691015
recycling_support,2.0,RATV,INC,729,-0.01958969830994306,-0.09191902506418614,-0.004042774585599318,-5.440057057615255e-5,-0.0002552590311080665,-1.1226780560257174e-5
recycling_support,2.0,RATV,REC,729,17.75351693073702,9.225490809133717,35.293938718402345,0.12524842719618617,0.06508446852895756,0.24899349978286014
recycling_support,2.0,RATV,REP,729,-2.207972848933423,-7.312143052186002,-0.4241540561342845,-8.149742697252928e-5,-0.00026989500559125075,-1.5655746958846886e-5
recycling_support,2.0,RATV,REU,729,-0.00016157164611962926,-0.0005022990591339038,0.00029749289051927974,-1.242936315160715e-5,-3.8640798473163506e-5,2.2885495444836035e-5
refurbishment_support,0.25,ELMA,INC,729,-0.2182776818806076,-0.29421500167434544,-0.16296139723355907,-0.00014264712235904174,-0.00019227308528346006,-0.0001064972569375685
refurbishment_support,0.25,ELMA,REC,729,0.02286332240399247,-0.00912293624490701,0.3022843012604568,4.113288196565199e-5,-1.641286656030361e-5,0.0005438327931571625
refurbishment_support,0.25,ELMA,REP,729,-6.223040002401831,-248.72882965080134,111.5978483317549,-0.00027955260162024036,-0.011173444393737205,0.005013220037846804
refurbishment_support,0.25,ELMA,REU,729,-0.0007163631878293053,-0.028742061839471145,0.012993089303918515,-0.00034122873146094965,-0.013690844906162127,0.006189060878978873
refurbishment_support,0.25,OFMA,INC,729,-0.0038484024084810553,-0.0051668437958868885,-0.0028920296896928765,-0.00014437394510106012,-0.0001938356604520348,-0.00010849534204900203
refurbishment_support,0.25,OFMA,REC,729,0.00032965438939916436,-0.00027159223662287513,0.005711064612288791,2.9339081400869953e-5,-2.4171577853539317e-5,0.0005082819914849687
refurbishment_support,0.25,OFMA,REP,729,-3.76249294947027,-11.048420304791797,0.28987599243001094,-0.004175498695037484,-0.012261196282475139,0.00032169544086045875
refurbishment_support,0.25,OFMA,REU,729,-0.0024197093885280907,-0.010785645694682322,0.0013563531912514915,-0.006831440868654692,-0.030450557882202044,0.0038293220942049026
refurbishment_support,0.25,RATV,INC,729,-0.05475789032234957,-0.07639822968971544,-0.038131898784996565,-0.00015206260096257995,-0.00021215779949091814,-0.0001058922408214433
refurbishment_support,0.25,RATV,REC,729,0.008942650672793206,-0.005838607954800068,0.07681938236325436,6.308907334259473e-5,-4.1190512629516016e-5,0.0005419493420214754
refurbishment_support,0.25,RATV,REP,729,-8.2620165652188,-390.678876536811,171.0022298142576,-0.00030495533130989573,-0.014420160658066403,0.006311781298922733
refurbishment_support,0.25,RATV,REU,729,-0.0033240898965307686,-0.1733180833399688,0.08082816520936875,-0.00025571516701623586,-0.013332991588004054,0.006217938867327597
refurbishment_support,0.5,ELMA,INC,729,-0.45418745634455604,-0.6461859964137773,-0.3724864591211343,-0.0002968170318693485,-0.0004222904151398935,-0.00024342443557927136
refurbishment_support,0.5,ELMA,REC,729,0.8190923158003045,0.16401703065746176,2.8772353134943813,0.0014736103069124863,0.00029507929963897125,0.005176368440516046
refurbishment_support,0.5,ELMA,REP,729,-12.73529201621659,-499.57224980855153,224.83445582549302,-0.0005720972409228839,-0.02244188082952313,0.010100056730412943
refurbishment_support,0.5,ELMA,REU,729,-0.0014635701627945252,-0.05763505694992532,0.02575317781066122,-0.0006971494327727392,-0.02745358458507054,0.012267135364742025
refurbishment_support,0.5,OFMA,INC,729,-0.007867321477470768,-0.010723613030553247,-0.006628750343227852,-0.0002951448727341028,-0.00040229948810607314,-0.0002486795133566975
refurbishment_support,0.5,OFMA,REC,729,0.014164389157560284,0.0020446076918975847,0.04908013397121298,0.0012606237922227841,0.000181969096831265,0.004368108212881786
refurbishment_support,0.5,OFMA,REP,729,-4.400953551481683,-21.9104563914459,3.9398109830620873,-0.00488404259035743,-0.024315549105025893,0.004372280782821459
refurbishment_support,0.5,OFMA,REU,729,-0.0014257908763137817,-0.01690385471779554,0.004942142238947511,-0.0040253619334551256,-0.04772378224609649,0.01395289559561036
refurbishment_support,0.5,RATV,INC,729,-0.13311145664121682,-0.20946347694871292,-0.08678745561911683,-0.00036965036811360846,-0.000581679844201127,-0.000241008668425287
refurbishment_support,0.5,RATV,REC,729,0.3241935798300659,0.05085376660642282,1.0788447416757236,0.002287137593031901,0.00035876577634198217,0.007611089544169016
refurbishment_support,0.5,RATV,REP,729,-25.201931219591643,-784.3756758580275,323.243140554172,-0.000930216397419707,-0.028951714416754322,0.011931072546662001
refurbishment_support,0.5,RATV,REU,729,-0.006936116322245667,-0.3475502804996493,0.1606883203235605,-0.0005335806789215314,-0.026736304008282655,0.012361410776520296
refurbishment_support,1.0,ELMA,INC,729,-0.9686193819215703,-1.360806898698641,-0.7864031937212701,-0.0006330045577810449,-0.0008893038743735116,-0.0005139240605443934
refurbishment_support,1.0,ELMA,REC,729,4.954737787795352,1.4476316182402726,12.024907637098408,0.00891395576701281,0.0026044010328273603,0.02163373711592607
refurbishment_support,1.0,ELMA,REP,729,-26.080912771635667,-1005.1023979945976,452.39707575515513,-0.0011716117870248773,-0.04515140351752295,0.020322668574190583
refurbishment_support,1.0,ELMA,REU,729,-0.0034040055142454673,-0.1157203025036253,0.051024937765248524,-0.001621446360234846,-0.05512160967852299,0.024304954640771384
refurbishment_support,1.0,OFMA,INC,729,-0.01644096209486562,-0.021757957550330526,-0.013433753133699683,-0.0006167875151677825,-0.0008162561591687767,-0.0005039711889670749
refurbishment_support,1.0,OFMA,REC,729,0.08630722749808781,0.022785899501558515,0.20757323205923325,0.007681301552407658,0.0020279340477969135,0.018473917374882527
refurbishment_support,1.0,OFMA,REP,729,-5.7648579605098575,-42.074585967902244,10.803729395328112,-0.006397661660621688,-0.046693078541968566,0.011989645853843238
refurbishment_support,1.0,OFMA,REU,729,-0.0004768658333001996,-0.03447216182926849,0.012455723988732958,-0.0013463107420737441,-0.09732347870691793,0.03516560389802577
refurbishment_support,1.0,RATV,INC,729,-0.32203881117766286,-0.49839913356800025,-0.20671915730554247,-0.0008943014230514525,-0.0013840538435958224,-0.0005740588715822663
refurbishment_support,1.0,RATV,REC,729,2.0194473784462446,0.6081165202505048,5.935956589946542,0.014246901554358853,0.004290171801482686,0.0418772928032337
refurbishment_support,1.0,RATV,REP,729,-79.74212801206158,-1580.591817216089,603.2427891047118,-0.002943323445954669,-0.05834046657737217,0.02226600529780724
refurbishment_support,1.0,RATV,REU,729,-0.014778946546214922,-0.6984000622770754,0.321823457334828,-0.001136912930162805,-0.05372643163342883,0.024757194210663927
refurbishment_support,2.0,ELMA,INC,729,-1.9662587926753048,-2.9732037652249517,-1.5072569204512263,-0.0012849740576854397,-0.0019430248555067106,-0.0009850107464295012
refurbishment_support,2.0,ELMA,REC,729,9.49699482361175,3.7959633741284904,25.351435332455573,0.017085826819282196,0.00682923114388221,0.04560918919673989
refurbishment_support,2.0,ELMA,REP,729,-53.62718618187955,-2030.1078839493393,899.2243434480279,-0.0024090507869033947,-0.0911968973859656,0.0403951291577953
refurbishment_support,2.0,ELMA,REU,729,-0.007018488513533594,-0.23396676553129692,0.10262795906394939,-0.003343150475812797,-0.11144651758025458,0.04888527059846935
refurbishment_support,2.0,OFMA,INC,729,-0.033165528563522645,-0.044998481571685844,-0.026025433873174186,-0.0012442145316002838,-0.0016881312343388266,-0.000976351785082669
refurbishment_support,2.0,OFMA,REC,729,0.1576836912507158,0.0573531679914928,0.41456875123518055,0.014033772344504154,0.005104404243993488,0.03689641858224503
refurbishment_support,2.0,OFMA,REP,729,-7.908303829202243,-82.34686846040988,25.95463559500927,-0.008776391813157557,-0.09138601624363833,0.02880365452176935
refurbishment_support,2.0,OFMA,REU,729,-0.006684240045491396,-0.07755540999248667,0.020842303718683897,-0.018871270591070865,-0.21895819387229412,0.058843002426560986
refurbishment_support,2.0,RATV,INC,729,-0.7412224775651453,-1.2337552551487647,-0.4923936808099256,-0.002058374001755137,-0.0034261369812598483,-0.001367376707917752
refurbishment_support,2.0,RATV,REC,729,3.986777547582207,1.5610537461426333,11.266084805435867,0.028126123931604022,0.011013002507383334,0.07948055633397898
refurbishment_support,2.0,RATV,REP,729,-205.2599320983718,-3203.1808173933096,1199.7147108195495,-0.007576250919323591,-0.11823107103487275,0.04428209435642091
refurbishment_support,2.0,RATV,REU,729,-0.031176872968920133,-1.4117853119628188,0.6409756204769139,-0.00239837053944055,-0.1086056418679949,0.04930889143962485
repair_support,0.25,ELMA,INC,729,-0.0027594681451432734,-0.004540772341343313,-0.0012360658802492708,-1.8033460258270304e-6,-2.9674500031315298e-6,-8.077841002553695e-7
repair_support,0.25,ELMA,REC,729,0.00013781128270551335,-0.00010091245248133873,0.0005597567415023263,2.479331360901035e-7,-1.81549292068529e-7,1.0070455890379502e-6
repair_support,0.25,ELMA,REP,729,2514.0531730485,1257.9142634293403,5031.032037318544,0.1129367808765609,0.05650826683118816,0.2260049902176993
repair_support,0.25,ELMA,REU,729,-6.059663730129117e-6,-0.0003807327560299001,0.00015703644241304993,-2.886428843415922e-6,-0.0001813562695193525,7.480192582217637e-5
repair_support,0.25,OFMA,INC,729,-5.234998535011415e-5,-7.880339561555649e-5,-2.4548397325463434e-5,-1.9639250548026175e-6,-2.9563324997678665e-6,-9.209403257764634e-7
repair_support,0.25,OFMA,REC,729,3.1209236908552596e-6,-1.7507063608535045e-6,1.183643968050152e-5,2.777607007714791e-7,-1.5581202035173621e-7,1.0534374133942642e-6
repair_support,0.25,OFMA,REP,729,295.9410616314875,147.55034995691216,593.1825545268078,0.3284262677021789,0.1637468300861939,0.6582957139346683
repair_support,0.25,OFMA,REU,729,-7.509104236980146e-5,-0.00012474769779569073,-4.6564708033880464e-7,-0.00021200067171165071,-0.0003521937489817584,-1.314637414756353e-6
repair_support,0.25,RATV,INC,729,-0.0007376876647526842,-0.001143194439691797,-0.00039609161746057,-2.048557830478003e-6,-3.1746496967313193e-6,-1.0999459843314342e-6
repair_support,0.25,RATV,REC,729,6.890461041564322e-5,-4.149547990550673e-6,0.00022469923673895664,4.861118005404119e-7,-2.9274445250436958e-8,1.585219768203385e-6
repair_support,0.25,RATV,REP,729,3135.558517351208,1569.6205225229933,6273.387837260758,0.1157350967469381,0.057935510380344384,0.23155400999812212
repair_support,0.25,RATV,REU,729,-5.005632722987485e-5,-0.0033204870930947372,0.0015293010657120298,-3.85072680831101e-6,-0.0002554380110093141,0.00011764587890501999
repair_support,0.5,ELMA,INC,729,-0.0078022496714993395,-0.010854590176194279,-0.006072037769115468,-5.098865142680622e-6,-7.0936068208189994e-6,-3.968150601367959e-6
repair_support,0.5,ELMA,REC,729,0.0022066275850747274,0.0006084442978604443,0.010277015832407699,3.969893368742453e-6,1.094638261418968e-6,1.848914482873868e-5
repair_support,0.5,ELMA,REP,729,5040.709025616585,2520.525390974174,10099.9654213395,0.22643970174992822,0.11322752709684504,0.4537125920322196
repair_support,0.5,ELMA,REU,729,-1.735744918662796e-5,-0.000778676087644925,0.000343747987646692,-8.26795746623743e-6,-0.00037091053549413467,0.0001637391364600442
repair_support,0.5,OFMA,INC,729,-0.00013934399345430504,-0.00018690327622034042,-0.00011197624375322568,-5.227530784410523e-6,-7.011731226645328e-6,-4.200821627339108e-6
repair_support,0.5,OFMA,REC,729,4.2733651418547236e-5,1.2397302109765085e-5,0.00018742332141480356,3.8032743316729434e-6,1.103353898646728e-6,1.66805850619269e-5
repair_support,0.5,OFMA,REP,729,594.0182164545184,296.6704861574483,1191.2221823070538,0.6592231057824429,0.3292357605563001,1.321981658044861
repair_support,0.5,OFMA,REU,729,-0.00011440679725960301,-0.0002720741410636718,1.219687294229388e-5,-0.00032299881719538586,-0.0007681329069426437,3.4434803072967334e-5
repair_support,0.5,RATV,INC,729,-0.001741848991940742,-0.0022797337994120426,-0.0011873837305813595,-4.837112727304065e-6,-6.330818243730048e-6,-3.297363308738689e-6
repair_support,0.5,RATV,REC,729,0.0007379856711082766,0.0003229100149013675,0.0031917754199213277,5.206379387264108e-6,2.278082232950242e-6,2.251750190501534e-5
repair_support,0.5,RATV,REP,729,6286.853814838207,3145.262703486427,12594.016537767966,0.2320510462387453,0.1160932833076401,0.4648517048447271
repair_support,0.5,RATV,REU,729,-9.07913889389711e-5,-0.006670339295486549,0.0031137025270235874,-6.984388481910638e-6,-0.0005131350174315346,0.00023953051407174611
repair_support,1.0,ELMA,INC,729,-0.016619705724821188,-0.021078910637399417,-0.012973815444709658,-1.0861180014714362e-5,-1.3775324710169364e-5,-8.478546332636052e-6
repair_support,1.0,ELMA,REC,729,0.04815649609684414,0.007487393192207037,0.17589958643470993,8.663725397516916e-5,1.3470398350840652e-5,0.0003164569347700087
repair_support,1.0,ELMA,REP,729,10132.307190807549,5060.0798977059685,20353.200736962033,0.455165455229677,0.22730988379699044,0.9143104037770464
repair_support,1.0,ELMA,REU,729,-4.496006580190226e-5,-0.0015650968722979997,0.0006628938368273829,-2.141604493451377e-5,-0.0007455101398579975,0.00031575941767653765
repair_support,1.0,OFMA,INC,729,-0.000306328758938601,-0.0003799938614764131,-0.0002444141098329744,-1.1492013238639771e-5,-1.4255581166520722e-5,-9.169267017707209e-6
repair_support,1.0,OFMA,REC,729,0.0009126967272264502,0.00013985546904188295,0.0032282152031615635,8.12295678004168e-5,1.2447069180711637e-5,0.0002873095935343342
repair_support,1.0,OFMA,REP,729,1194.8682282110547,595.9235633938378,2401.669080797951,1.3260279273983613,0.6613376010826512,2.6652983135013204
repair_support,1.0,OFMA,REU,729,-0.00025699826168490425,-0.0006359220795222331,2.3411679694662624e-5,-0.0007255699533056081,-0.001795366048470258,6.609698926169817e-5
repair_support,1.0,RATV,INC,729,-0.003867505884301181,-0.005543497580958956,-0.002907527105463714,-1.0740059570280499e-5,-1.5394286661302093e-5,-8.074199561438527e-6
repair_support,1.0,RATV,REC,729,0.01737476443405228,0.002947456408705307,0.06252823520225093,0.00012257638454168194,2.079386753959253e-5,0.00044112741971007375
repair_support,1.0,RATV,REP,729,12637.238250433118,6313.850901643673,25379.201080700615,0.4664470407535258,0.23304752276311122,0.9367595202516465
repair_support,1.0,RATV,REU,729,-0.00021790851171621384,-0.013455864784438276,0.006060998122001671,-1.6763238420816044e-5,-0.0010351310637812864,0.000466259696727911
repair_support,2.0,ELMA,INC,729,-0.032275557883707506,-0.04084676987048397,-0.02645120951116553,-2.109246999041267e-5,-2.669386136725417e-5,-1.7286187425005356e-5
repair_support,2.0,ELMA,REC,729,0.39840706607549947,0.12143876574449308,1.0532211486947887,0.0007167650673684928,0.00021847771418166375,0.0018948261511383012
repair_support,2.0,ELMA,REP,729,20471.315150946983,10197.379290223158,41332.14925713745,0.919616362232335,0.4580886366132939,1.856730769998153
repair_support,2.0,ELMA,REU,729,-9.868825591241581e-5,-0.0031603763616268044,0.0013150703477227133,-4.700865279960664e-5,-0.001505397311222599,0.0006264137998144272
repair_support,2.0,OFMA,INC,729,-0.0005974233560294973,-0.0007516797375518025,-0.0004957509504391056,-2.2412512427341792e-5,-2.8199485823967324e-5,-1.859824231082516e-5
repair_support,2.0,OFMA,REC,729,0.007030868214703737,0.0022073438195756856,0.019225490443840226,0.0006257438745042993,0.0001964525335769802,0.0017110593616894993
repair_support,2.0,OFMA,REP,729,2414.9018318723715,1201.636917708036,4878.546304295413,2.6799836127390977,1.3335396103546677,5.414060305450786
repair_support,2.0,OFMA,REU,729,-0.0005978399569515069,-0.0014815316092642306,-6.104958765285051e-5,-0.0016878507535641085,-0.004182731873387499,-0.00017235815593536852
repair_support,2.0,RATV,INC,729,-0.00909951793886421,-0.012689273911973942,-0.0069626278882992665,-2.526935126871729e-5,-3.523809964230512e-5,-1.933520995781038e-5
repair_support,2.0,RATV,REC,729,0.1486898271116388,0.043160313037546416,0.3934551278130556,0.0010489846636281366,0.0003044896031776461,0.0027757675351378287
repair_support,2.0,RATV,REP,729,25532.013642792095,12723.938555967354,51538.39596899941,0.9423999114482826,0.469647194153141,1.9023090178820747
repair_support,2.0,RATV,REU,729,-0.0005352633076629587,-0.027257462799888277,0.011928447901083938,-4.117666801356598e-5,-0.0020968586498177305,0.0009176301310183033
reuse_support,0.25,ELMA,INC,729,-0.10636611973484378,-0.14780255519450236,-0.08059049861468282,-6.951155411743788e-5,-9.659076912563789e-5,-5.266687193037384e-5
reuse_support,0.25,ELMA,REC,729,-0.00796454034409777,-0.02455826887325685,0.23019669704488877,-1.4328822911023618e-5,-4.418222150723042e-5,0.0004141416282865745
reuse_support,0.25,ELMA,REP,729,-3.086748943091152,-206.23353127770497,95.87962688464086,-0.0001386635305665097,-0.009264462415115438,0.004307123066481063
reuse_support,0.25,ELMA,REU,729,0.2965746340210058,0.1599863335679621,0.569383025876057,0.14126882546426583,0.07620706169995463,0.27121696220015606
reuse_support,0.25,OFMA,INC,729,-0.0018974738449613893,-0.0025668426573219882,-0.0015089244139690483,-7.118428782796603e-5,-9.629585515136712e-5,-5.660774196168345e-5
reuse_support,0.25,OFMA,REC,729,-0.00024587865959982413,-0.0005390112904273825,0.0044656632773246024,-2.1883081920687207e-5,-4.797174445230371e-5,0.0003974418743251059
reuse_support,0.25,OFMA,REP,729,-3.6853151462434055,-6.791922162506987,-2.1403664633377684,-0.004089849148051621,-0.007537465852351142,-0.0023753127233971617
reuse_support,0.25,OFMA,REU,729,0.23243243676279313,0.1190719717507237,0.4557545477876379,0.6562145252774468,0.33616976401616655,1.2867083372047523
reuse_support,0.25,RATV,INC,729,-0.03276030580190081,-0.04225318456181526,-0.022350182541543973,-9.097533303859365e-5,-0.00011733704687302618,-6.206643223923592e-5
reuse_support,0.25,RATV,REC,729,0.00361161758907258,-0.00455880981064638,0.05144465278502253,2.547942610076659e-5,-3.2161726653801576e-5,0.00036293439064022566
reuse_support,0.25,RATV,REP,729,-3.717310908541549,-244.5729259474465,113.90764321196184,-0.0001372078802732534,-0.009027313982365389,0.004204390393099302
reuse_support,0.25,RATV,REU,729,1.4827437641455088,0.8161971682260085,2.816529158556013,0.11406432470026355,0.06278831249687913,0.21666959877887962
reuse_support,0.5,ELMA,INC,729,-0.23697081919051755,-0.3241023157240761,-0.17125181681240065,-0.00015486331515597465,-0.00021180480885457154,-0.00011191514705753809
reuse_support,0.5,ELMA,REC,729,0.7673230477856521,0.04653072570483374,2.81702891436548,0.0013804733973650334,8.37123675366987e-5,0.005068052480779872
reuse_support,0.5,ELMA,REP,729,-8.314969660777024,-413.9336703234694,192.43390399107102,-0.00037352666866458144,-0.018594808066873938,0.008644552900171092
reuse_support,0.5,ELMA,REU,729,0.5946593579846269,0.3205931973883922,1.1434638208598513,0.28325695935233824,0.15270970356717667,0.5446716354113804
reuse_support,0.5,OFMA,INC,729,-0.0039930205352349535,-0.005376533729089111,-0.0028695637788726525,-0.00014979933654312252,-0.0002017022397987439,-0.00010765252681526858
reuse_support,0.5,OFMA,REC,729,0.010800733094366563,0.00029500664684262157,0.048447175140855156,0.0009612600275769114,2.6255449051622152e-5,0.004311775182761621
reuse_support,0.5,OFMA,REP,729,-4.522348430230659,-10.739821179606325,-1.142051118615631,-0.005018762884749464,-0.0119187224860304,-0.00126741312727697
reuse_support,0.5,OFMA,REU,729,0.4698224680212054,0.24135965429651351,0.9152978091916505,1.3264255717107636,0.6814182786671569,2.5841131543922824
reuse_support,0.5,RATV,INC,729,-0.0762878860189744,-0.11466347134907551,-0.03131167370045773,-0.0002118513752391096,-0.00031842033332723433,-8.695248329243727e-5
reuse_support,0.5,RATV,REC,729,0.2953840009420077,0.03563782910381974,1.242686938056167,0.0020838902895262772,0.0002514195954161624,0.008766971924267508
reuse_support,0.5,RATV,REP,729,-12.981924853927922,-489.01439408713486,188.64231769223989,-0.0004791696026773721,-0.018049775788630464,0.006962886123114441
reuse_support,0.5,RATV,REU,729,2.972635371503692,1.6350830524763191,5.652941204066946,0.2286785177788891,0.12578346219991543,0.4348687457699627
reuse_support,1.0,ELMA,INC,729,-0.548812389476268,-0.7413400198375797,-0.39980362725249563,-0.00035865557760779237,-0.0004844747278252124,-0.0002612765375045072
reuse_support,1.0,ELMA,REC,729,3.4933411674234875,1.1628387392029396,9.379213551649073,0.006284790432745304,0.00209203665852036,0.01687392921875852
reuse_support,1.0,ELMA,REP,729,-18.013814312731483,-832.6470274445346,386.6255696456801,-0.000809220036233802,-0.03740433014469463,0.017368068308357673
reuse_support,1.0,ELMA,REU,729,1.1949810037796738,0.6435290492786869,2.3040406680546432,0.5692110635601667,0.306535295049194,1.0974948011734815
reuse_support,1.0,OFMA,INC,729,-0.008676777744178965,-0.011731851210398075,-0.006634910883384304,-0.00032551186199538545,-0.00044012383914195227,-0.00024891062782756996
reuse_support,1.0,OFMA,REC,729,0.0562897325010448,0.017170608739909582,0.15754170366083897,0.005009758999088076,0.0015281758827506554,0.014021135517599157
reuse_support,1.0,OFMA,REP,729,-6.689156043233346,-19.397953070542044,0.8816399502893888,-0.007423419180986198,-0.021527250368362894,0.0009784168399423984
reuse_support,1.0,OFMA,REU,729,0.9494624680747713,0.485999552163754,1.845240562555645,2.68056847587193,1.3720975000303446,5.209572625252335
reuse_support,1.0,RATV,INC,729,-0.21637571666022382,-0.41687036412491807,-0.12032927754847833,-0.0006008751262476337,-0.0011576485408748458,-0.00033415427088690424
reuse_support,1.0,RATV,REC,729,1.4634207306884264,0.5455023724487233,4.133752888981775,0.010324216072798697,0.0038484382811329754,0.02916301315297556
reuse_support,1.0,RATV,REP,729,-77.35237496846821,-982.275276439992,325.25875254785933,-0.002855116417391474,-0.03625629166919303,0.012005469834355027
reuse_support,1.0,RATV,REU,729,5.97452011455935,3.281863337829655,11.38719263551382,0.45960712751207133,0.2524667676507297,0.8759925144249223
reuse_support,2.0,ELMA,INC,729,-1.1127807620593444,-1.742439222878673,-0.8058332132389836,-0.0007272157746804873,-0.0011387052441079177,-0.0005266218148347192
reuse_support,2.0,ELMA,REC,729,7.357304380322027,2.7898863833258147,17.209768745009207,0.013236358535901788,0.005019220972140136,0.030961702500464972
reuse_support,2.0,ELMA,REP,729,-37.54068921653834,-1681.1941365627272,770.727030385111,-0.0016864100717735584,-0.07552292682088027,0.03462274811025509
reuse_support,2.0,ELMA,REU,729,2.41313553172103,1.2967770032440753,4.674796574172031,1.1494604836237314,0.6177000428309917,2.226768393384855
reuse_support,2.0,OFMA,INC,729,-0.01726330181744662,-0.02522130434078565,-0.012786983698145404,-0.0006476378310548859,-0.000946184629821734,-0.0004797074438930217
reuse_support,2.0,OFMA,REC,729,0.11593049305716108,0.04255843104163372,0.2834384256868866,0.01031775787619972,0.0037876798027764026,0.02522588295735605
reuse_support,2.0,OFMA,REP,729,-9.678118081205021,-36.53670483399508,4.952321001251949,-0.010740477114828825,-0.04054730876686302,0.0054959331899998905
reuse_support,2.0,OFMA,REU,729,1.9114110101157324,0.9764915976046848,3.751368216600934,5.396388241169803,2.7568784249055756,10.591044639393223
reuse_support,2.0,RATV,INC,729,-0.5600152659490334,-1.2455527469016374,-0.3337062984652164,-0.0015551617751826308,-0.003458898602831018,-0.0009267020223659788
reuse_support,2.0,RATV,REC,729,3.1727794514039545,1.3018459363720183,8.094401896298479,0.022383488166264225,0.009184329877763126,0.057104804110670586
reuse_support,2.0,RATV,REP,729,-216.40284611453535,-2000.8452905005252,628.1007383358374,-0.007987541674883442,-0.07385224099321003,0.02318352514101052
reuse_support,2.0,RATV,REU,729,12.067320788706576,6.613096701309876,23.103973733256186,0.9283133269479659,0.508731466388704,1.77733956837459
virgin_metal_tax,0.25,ELMA,INC,729,0.07031645808737608,0.022571141690889363,0.13562616241321734,4.595266137254822e-5,1.4750515869619062e-5,8.863334821114525e-5
virgin_metal_tax,0.25,ELMA,REC,729,10.440911397991961,5.305026302641416,20.746488318632665,0.018784005603334326,0.009544151846151799,0.03732453403461074
virgin_metal_tax,0.25,ELMA,REP,729,-0.890404836952257,-73.80016526192594,143.80239237363185,-3.9998937588249266e-5,-0.003315265238695618,0.006459918768278489
virgin_metal_tax,0.25,ELMA,REU,729,0.0002586487347442379,-0.008619039968162934,0.017893738109295843,0.0001232033989884278,-0.004105548867829676,0.00852341055468134
virgin_metal_tax,0.25,OFMA,INC,729,0.001153572832213401,0.00017828783722301234,0.0022060677076256585,4.3276623146534926e-5,6.688520505728875e-6,8.276127709723531e-5
virgin_metal_tax,0.25,OFMA,REC,729,0.2086391461763416,0.10608549582286249,0.41486004788033215,0.01856878321636329,0.009441557878453967,0.03692234384293845
virgin_metal_tax,0.25,OFMA,REP,729,3.530775918936381,-0.025584306726946338,9.032520685666308,0.003918346277317091,-2.8392674959522144e-5,0.010024013026046672
virgin_metal_tax,0.25,OFMA,REU,729,0.0007226875105414976,-0.0008907798527020283,0.002719965887853615,0.002040326420265981,-0.0025148928708436913,0.007679139575902884
virgin_metal_tax,0.25,RATV,INC,729,0.0066336182961492796,-0.041828954380349614,0.017801011371375353,1.8421550683695782e-5,-0.00011615896012752269,4.943338892278294e-5
virgin_metal_tax,0.25,RATV,REC,729,2.104423133715173,1.0816334397289182,3.979983578009893,0.014846392896765197,0.007630763395071368,0.02807819348454551
virgin_metal_tax,0.25,RATV,REP,729,-2.4980628614284797,-30.645297360388213,52.38345730994479,-9.220480030830025e-5,-0.0011311338746244656,0.0019335006717804786
virgin_metal_tax,0.25,RATV,REU,729,0.0009570894389590023,-0.014182659062287772,0.031237271051288484,7.362685527497477e-5,-0.0010910418020380031,0.0024030168354797765
virgin_metal_tax,0.5,ELMA,INC,729,0.035191553701125144,-0.8926305431406831,0.23097406430085243,2.299810875559411e-5,-0.0005833449265713472,0.00015094436283279974
virgin_metal_tax,0.5,ELMA,REC,729,21.006287169307633,10.959727485088564,41.44253971860219,0.03779193222245064,0.019717395794634763,0.07455832815900967
virgin_metal_tax,0.5,ELMA,REP,729,-3.7962384649517844,-151.9981517171591,287.87755022589045,-0.00017053535552374755,-0.006828090248110235,0.01293209075992576
virgin_metal_tax,0.5,ELMA,REU,729,0.00017645547716393928,-0.01800944009423211,0.033516900560528695,8.405188828091314e-5,-0.008578523439064678,0.01596526685776208
virgin_metal_tax,0.5,OFMA,INC,729,0.0006787496729870335,-0.013079177966736827,0.00378471748636941,2.546349306123372e-5,-0.0004906691975806027,0.0001419847865690809
virgin_metal_tax,0.5,OFMA,REC,729,0.419254236744747,0.21595763170263538,0.8271643875885863,0.0373134245290438,0.01922012489265151,0.07361723089322164
virgin_metal_tax,0.5,OFMA,REP,729,6.2528969066203555,-0.29387100928311405,18.80059348263668,0.006939272239027892,-0.00032612898741610967,0.020864319111543354
virgin_metal_tax,0.5,OFMA,REU,729,0.002726885394620737,-0.003884914519651894,0.019732323716334932,0.007698675062909697,-0.010968079037344224,0.05570925306501111
virgin_metal_tax,0.5,RATV,INC,729,-0.08041893250043586,-0.6139306118318757,0.02132829059851815,-0.00022332328675670783,-0.00170488463116702,5.922863944180619e-5
virgin_metal_tax,0.5,RATV,REC,729,4.208986703230565,2.147517841752361,8.03249811289821,0.029693776547259253,0.015150419666401571,0.05666808210575034
virgin_metal_tax,0.5,RATV,REP,729,-48.89466112773516,-118.06022784607194,14.430631758543313,-0.0018047273889844448,-0.004357664453117347,0.0005326421284924085
virgin_metal_tax,0.5,RATV,REU,729,0.0010793734199441296,-0.028854655930107942,0.05960188360765173,8.303390189355668e-5,-0.0022197273208718936,0.004585046161693611
virgin_metal_tax,1.0,ELMA,INC,729,-0.376841666640658,-1.946705683071471,0.3984784718089003,-0.0002462706167123307,-0.0012721958625253708,0.0002604105322900543
virgin_metal_tax,1.0,ELMA,REC,729,44.6676985817059,23.248418189985472,83.67089827992494,0.08036063792363755,0.041825699012572264,0.15053040507827675
virgin_metal_tax,1.0,ELMA,REP,729,-9.275935139881767,-307.44041384207503,580.4321262498888,-0.00041669534501043295,-0.013810897487334807,0.02607428377360554
virgin_metal_tax,1.0,ELMA,REU,729,-0.0013517685518340539,-0.03719854302616854,0.06613710589207433,-0.0006438944323323444,-0.017718961365780814,0.03150340655336478
virgin_metal_tax,1.0,OFMA,INC,729,-0.006032980896958834,-0.03303100541968387,0.006313912798054905,-0.00022632904783911632,-0.0012391678564031682,0.00023686829050682608
virgin_metal_tax,1.0,OFMA,REC,729,0.8832721709974063,0.45409881080672415,1.6586654225316149,0.07861079651100111,0.04041457478718618,0.14762042130595932
virgin_metal_tax,1.0,OFMA,REP,729,16.525545907822185,2.691257307908121,48.00061911351273,0.018339541442226107,0.0029866744012802954,0.05326960745472818
virgin_metal_tax,1.0,OFMA,REU,729,0.007183156236579724,-0.017872530871179015,0.05626326092270628,0.0202798349723942,-0.0504585957299341,0.1588451662391424
virgin_metal_tax,1.0,RATV,INC,729,-0.4302096077765043,-1.6369639811777006,-0.056420724179304216,-0.0011946916057663706,-0.004545847168227064,-0.0001566802887472746
virgin_metal_tax,1.0,RATV,REC,729,8.417673932716696,4.301098633768078,16.861058494359952,0.059385440351695594,0.0303436125471255,0.118952265374825
virgin_metal_tax,1.0,RATV,REP,729,-150.56296251628373,-446.2556740503933,-5.61197191796964,-0.005557357305532922,-0.016471529178706572,-0.00020714080418948424
virgin_metal_tax,1.0,RATV,REU,729,-0.0024606097895891743,-0.05640604999116494,0.10074930239032431,-0.00018928947859180034,-0.004339197477562377,0.007750429588080355
virgin_metal_tax,2.0,ELMA,INC,719,-0.37718550672330764,-2.822002472522385,1.169217489124172,-0.000246495320392153,-0.0018442129700442945,0.0007640978628619247
virgin_metal_tax,2.0,ELMA,REC,719,88.55246207050948,46.103533580948046,170.74902922523077,0.15931271517555515,0.08294381592823352,0.30719068474687783
virgin_metal_tax,2.0,ELMA,REP,719,-17.942967629100167,-636.4476003283835,1201.9790095079347,-0.0008060374478657926,-0.02859062168941365,0.05399553258072817
virgin_metal_tax,2.0,ELMA,REU,719,-0.0039015051870692208,-0.07983114764765675,0.13460268378026352,-0.0018584227782642122,-0.03802635549353854,0.06411594540020238
virgin_metal_tax,2.0,OFMA,INC,719,-0.005538503506077652,-0.05051535776846007,0.018125921297150502,-0.00020777858348864514,-0.0018950984629756053,0.0006799992538446167
virgin_metal_tax,2.0,OFMA,REC,719,1.7519519731049753,0.9064014189696106,3.3613951375184046,0.15592287924036327,0.08066928840681423,0.2991625433530203
virgin_metal_tax,2.0,OFMA,REP,719,44.70814530235043,10.009908703845591,133.50604587216384,0.04961572151086512,0.011108688120262451,0.14816089433398666
virgin_metal_tax,2.0,OFMA,REU,719,0.004417370202586257,-0.038245433691133146,0.06390785275056055,0.012471333738256016,-0.10797636277964828,0.18042774854616683
virgin_metal_tax,2.0,RATV,INC,719,-0.8627891439070936,-3.044324642899582,-0.24598274450444535,-0.002395964499955207,-0.008454086171848785,-0.0006830938098795395
virgin_metal_tax,2.0,RATV,REC,719,16.821969868376982,8.583368060374134,35.19820361858406,0.11867650091954962,0.06055438783211331,0.24831810286142253
virgin_metal_tax,2.0,RATV,REP,719,-328.4023356320977,-780.345958351143,-60.542029921358335,-0.012121501122042078,-0.028802975446347197,-0.002234637832919004
virgin_metal_tax,2.0,RATV,REU,719,-0.0157709619041837,-0.11150439586956451,0.16750504040067282,-0.0012132265621167442,-0.008577796058580885,0.012885806556201513
