instrument,wedge_percent,indicator,material,valid_parameter_configurations,median_change_tonnes,lower_quartile_change_tonnes,upper_quartile_change_tonnes,median_change_percent,lower_quartile_change_percent,upper_quartile_change_percent
recycling_support,0.25,ce_route_metal_demand,primary,729,-16.258044255368688,-26.118424322054516,-3.0091908104412473,-6.399253921087706e-5,-0.00010280352706036134,-1.1844337357280592e-5
recycling_support,0.25,ce_route_metal_demand,recycled,729,97.18007579917999,48.5715088871289,194.49650977923935,0.25041436928427857,0.12515943893926554,0.5011801075490405
recycling_support,0.25,observed_new_product_output,all,729,228.69809726076664,-504.9663642132293,860.0091218120388,0.00013425795491419444,-0.00029644213122780033,0.0005048711261046615
recycling_support,0.25,observed_recycled_metal_output,recycled,729,3.2058973480215265,1.6018509653969097,6.411017930770559,0.018091385463417986,0.009039498188478943,0.03617838751770807
recycling_support,0.25,observed_route_input_mass,all,729,12.970995918496445,6.576340300224694,25.053024470276156,0.0002452189317638387,0.00012432685612343589,0.00047363178098714254
recycling_support,0.25,primary_metal_output,primary,729,-22.02420130604878,-29.377435512375087,-7.134193898178637,-4.992089468262123e-6,-6.65880157867971e-6,-1.617063598753804e-6
recycling_support,0.25,recycled_metal_output,recycled,729,97.09430055244604,48.521504492207214,194.33510317269372,0.013586639852083478,0.006789731249554182,0.02719378009231938
recycling_support,0.5,ce_route_metal_demand,primary,729,-35.356380874887016,-78.33839111519835,-15.519123036175108,-0.0001391646223834081,-0.00030834413330491913,-6.108410543184153e-5
recycling_support,0.5,ce_route_metal_demand,recycled,729,194.80827554961127,97.3251446746734,390.39681086037535,0.5019834679925771,0.25078818396542263,1.0059775150142964
recycling_support,0.5,observed_new_product_output,all,729,179.07796140136634,-2415.1218536035885,1190.894123723093,0.00010512829427057515,-0.0014178050662296505,0.0006991182326632451
recycling_support,0.5,observed_recycled_metal_output,recycled,729,6.428431813051393,3.2105234339416455,12.88368085966735,0.03627665680869374,0.01811749119744016,0.07270464750396176
recycling_support,0.5,observed_route_input_mass,all,729,25.351307950070073,13.119084636308742,50.387715784425886,0.00047927088200432516,0.00024801857470693945,0.0009525885226019788
recycling_support,0.5,primary_metal_output,primary,729,-30.628268592990935,-83.3266569445841,-11.548471548594534,-6.942320175405454e-6,-1.8887137870661628e-5,-2.617620607037865e-6
recycling_support,0.5,recycled_metal_output,recycled,729,194.71813121960997,97.24512358119364,390.1836458010066,0.027247378131305757,0.013607744882519326,0.0545993394215058
recycling_support,1.0,ce_route_metal_demand,primary,729,-93.74490798098725,-190.80921675295718,-51.29655122463606,-0.00036898501477571126,-0.0007510353701262585,-0.00020190599275431539
recycling_support,1.0,ce_route_metal_demand,recycled,729,391.57971625988637,195.35379315381593,786.7350883468627,1.009025635123124,0.503389161794562,2.027265047082099
recycling_support,1.0,observed_new_product_output,all,729,-2128.3467155782255,-8212.602135006537,456.40881336879465,-0.0012494527973971712,-0.004821234546226711,0.0002679362645411071
recycling_support,1.0,observed_recycled_metal_output,recycled,729,12.929226997612055,6.456213108463821,25.96358768389011,0.07296167156068432,0.03643343104882302,0.14651662914093203
recycling_support,1.0,observed_route_input_mass,all,729,50.69440307253946,26.202193360213542,101.83300258705049,0.000958386499075745,0.0004953570185384737,0.001925170609073427
recycling_support,1.0,primary_metal_output,primary,729,-96.94935637107119,-212.67777274129912,-35.98458564141765,-2.197491087960109e-5,-4.820635512188562e-5,-8.156403426577888e-6
recycling_support,1.0,recycled_metal_output,recycled,729,391.77952824475733,195.6805128376418,786.3702371892854,0.054822655103282714,0.02738204651412936,0.1100386855084595
recycling_support,2.0,ce_route_metal_demand,primary,729,-220.79401400519401,-422.2697207696964,-134.1907580297547,-0.0008690571496070192,-0.0016620763998104217,-0.000528182062373073
recycling_support,2.0,ce_route_metal_demand,recycled,729,791.1395797848927,393.737192470223,1597.6924128255353,2.038614574629679,1.0145850361308304,4.1169461391882125
recycling_support,2.0,observed_new_product_output,all,729,-7811.002615953365,-18930.021737986513,-2412.0411873044786,-0.004585474254521597,-0.011112930258118556,-0.0014159965511521507
recycling_support,2.0,observed_recycled_metal_output,recycled,729,26.221883011593654,13.207036421698,52.73394999896932,0.14797423050483835,0.07452939404965192,0.29758601505153476
recycling_support,2.0,observed_route_input_mass,all,729,100.28524973243744,51.18344025783971,204.6390998675567,0.0018959100724093589,0.0009676318320421301,0.0038687377424179007
recycling_support,2.0,primary_metal_output,primary,729,-243.7642976329662,-488.5472802477889,-124.07855005655438,-5.5252545417737056e-5,-0.00011073598985872296,-2.812411739101037e-5
recycling_support,2.0,recycled_metal_output,recycled,729,793.7384266868371,399.5567066513645,1597.0862144929688,0.11106973405140314,0.05591093445150509,0.22348412920137523
refurbishment_support,0.25,ce_route_metal_demand,primary,729,145.06068093203308,-14.707088452500168,288.90629321691904,0.0005709666652822615,-5.788789350624175e-5,0.0011371507548238223
refurbishment_support,0.25,ce_route_metal_demand,recycled,729,0.5458531318755501,0.18373175132541408,1.2329951717057537,0.0014065585627079354,0.0004734413948799257,0.003177191474863264
refurbishment_support,0.25,observed_new_product_output,all,729,5208.478771630141,-28016.20712969331,19299.398468602103,0.003057654245788167,-0.016447004670075007,0.011329774058042238
refurbishment_support,0.25,observed_recycled_metal_output,recycled,729,0.006996527829645771,-0.0036527888924950958,0.09874710873581805,3.948251242456547e-5,-2.061326508509782e-5,0.0005572455427218042
refurbishment_support,0.25,observed_route_input_mass,all,729,-18.677432070078517,-652.4386553267145,285.1232255761054,-0.0003531000987969797,-0.012334466150938223,0.005390304124383472
refurbishment_support,0.25,primary_metal_output,primary,729,-169.47084411559626,-575.6041485448368,19.182837075088173,-3.841290788849668e-5,-0.00013046863166154817,4.3480550147185325e-6
refurbishment_support,0.25,recycled_metal_output,recycled,729,0.2137996298173448,-0.17532119479460562,2.1339308599616515,2.9917498291270338e-5,-2.4533117995373953e-5,0.0002986060963260394
refurbishment_support,0.5,ce_route_metal_demand,primary,729,270.802328269344,-99.70457274565607,535.2241253851158,0.0010658925721924303,-0.0003924425767769534,0.0021066710295737346
refurbishment_support,0.5,ce_route_metal_demand,recycled,729,0.9986892086389209,0.24780968114413224,2.1978541758290393,0.0025734300599569567,0.0006385578987839204,0.00566344760361727
refurbishment_support,0.5,observed_new_product_output,all,729,15032.79795161388,-45262.95816926124,41682.58278441899,0.00882505247658747,-0.026571765440806073,0.02446989453435098
refurbishment_support,0.5,observed_recycled_metal_output,recycled,729,0.2905564618547807,0.0547368883437791,1.0063915491628563,0.0016396560399926459,0.0003088889127118348,0.005679226583652237
refurbishment_support,0.5,observed_route_input_mass,all,729,-38.2581321725114,-1304.8640477358936,556.97141352403,-0.0007232766367033503,-0.024668681564115787,0.010529641355649256
refurbishment_support,0.5,primary_metal_output,primary,729,-466.09943420719355,-1458.5192363606766,-31.261758823879063,-0.00010564787545914886,-0.0003305935329011981,-7.085909487268265e-6
refurbishment_support,0.5,recycled_metal_output,recycled,729,8.39065126283424,1.300177108558728,28.22867418792714,0.0011741240853884148,0.00018193692129612793,0.0039501065202777385
refurbishment_support,1.0,ce_route_metal_demand,primary,729,418.4610857650151,-398.8570423124661,1116.129952379299,0.0016470854069796015,-0.0015699228344323928,0.0043931477009285
refurbishment_support,1.0,ce_route_metal_demand,recycled,729,1.8228860381062642,0.590317852756149,3.631599018470058,0.004697226812268198,0.001521135598616948,0.009357932376742475
refurbishment_support,1.0,observed_new_product_output,all,729,32459.407797135667,-88971.33990383075,80891.55737468299,0.01905539993889971,-0.05223091177642768,0.047487649407795325
refurbishment_support,1.0,observed_recycled_metal_output,recycled,729,1.805154398089094,0.5269976718942075,4.837379568557626,0.010186771594029915,0.002973931160533916,0.027298097509734276
refurbishment_support,1.0,observed_route_input_mass,all,729,-106.92597838761293,-2618.882282107922,1068.4201237413793,-0.002021454201571679,-0.049510424617278746,0.020198668094964532
refurbishment_support,1.0,primary_metal_output,primary,729,-1162.0942936162464,-3095.251402415335,-134.8301576585509,-0.00026340472481496517,-0.0007015814881503762,-3.056111777667579e-5
refurbishment_support,1.0,recycled_metal_output,recycled,729,52.74248959364968,15.539899288027414,136.00044492350946,0.007380383884047502,0.0021745356191081523,0.019030870549375474
refurbishment_support,2.0,ce_route_metal_demand,primary,729,963.3743607528203,-1069.8688513548277,2447.400199261376,0.0037918934520596117,-0.004211061511792136,0.009633099206518956
refurbishment_support,2.0,ce_route_metal_demand,recycled,729,3.597294294122117,1.2564904910984105,6.371872795520794,0.009269535701496768,0.0032377343941410123,0.016419090992872063
refurbishment_support,2.0,observed_new_product_output,all,729,54965.07608157337,-190824.55059533328,151202.07467959585,0.03226742502365849,-0.11202416730707429,0.0887636651481155
refurbishment_support,2.0,observed_recycled_metal_output,recycled,729,3.490618494784542,1.4180427933904411,9.364707862852871,0.01969811189845373,0.008002239620864129,0.05284652667137733
refurbishment_support,2.0,observed_route_input_mass,all,729,-263.2396772872696,-5305.422390040523,2109.0426459248683,-0.0049765918413552665,-0.10029993218843718,0.039871817702185
refurbishment_support,2.0,primary_metal_output,primary,729,-2664.2260604174808,-6444.127646240871,-392.5439201230183,-0.0006038836402038712,-0.0014606505501791197,-8.897550209633503e-5
refurbishment_support,2.0,recycled_metal_output,recycled,729,100.41410678864474,40.07504548228178,272.2970036710128,0.014051188352584999,0.005607797851463146,0.03810317702188474
repair_support,0.25,ce_route_metal_demand,primary,729,2.27093020597156,0.6938359379834464,3.8894454502229134,8.938503793456833e-6,2.730975680093567e-6,1.5309067103798733e-5
repair_support,0.25,ce_route_metal_demand,recycled,729,0.006826898571678987,0.0035554952128544178,0.010304783111682066,1.7591604930417155e-5,9.161827506276715e-6,2.6553444655890472e-5
repair_support,0.25,observed_new_product_output,all,729,13.328469009672347,-216.9726737256887,139.57917753281134,7.82452067948538e-6,-0.00012737450724594664,8.19404059264787e-5
repair_support,0.25,observed_recycled_metal_output,recycled,729,5.209433394526286e-5,-2.710727280330616e-5,0.00018523877146137124,2.9397656055392445e-7,-1.5297062504668561e-7,1.0453316664459883e-6
repair_support,0.25,observed_route_input_mass,all,729,5945.510143305983,2975.135483826599,11897.590780587772,0.11240090238973426,0.056245453300645086,0.2249260211098129
repair_support,0.25,primary_metal_output,primary,729,-0.0002413848415017128,-0.7480657431297004,0.20038737077265978,-5.4713208815789115e-11,-1.695594344581217e-7,4.5420565736120154e-8
repair_support,0.25,recycled_metal_output,recycled,729,0.002399746717628659,0.00011088083476806787,0.0074305803943843785,3.35802350945509e-7,1.5515822864580516e-8,1.0397790512591534e-6
repair_support,0.5,ce_route_metal_demand,primary,729,5.553846350214975,1.142755756109869,10.101091914420468,2.186023883038494e-5,4.497948300711144e-6,3.975844266709709e-5
repair_support,0.5,ce_route_metal_demand,recycled,729,0.018204702640989775,0.00884906033081671,0.034073531870468084,4.6910018271411344e-5,2.2802326958703987e-5,8.780093987777333e-5
repair_support,0.5,observed_new_product_output,all,729,70.30472016231434,-593.8637370126485,662.0937051289166,4.1272612509078004e-5,-0.00034862962037724435,0.0003886842430123681
repair_support,0.5,observed_recycled_metal_output,recycled,729,0.0007476461655819833,0.00023354404136810558,0.003714860649072449,4.219085486465296e-6,1.3179259397333682e-6,2.0963545818784774e-5
repair_support,0.5,observed_route_input_mass,all,729,11921.54015497321,5962.255500702272,23885.39217013359,0.22537878819416876,0.11271747628109338,0.4515574894575602
repair_support,0.5,primary_metal_output,primary,729,-2.6538242823444307,-8.854240651708096,7.608113810420036e-5,-6.015259335134855e-7,-2.00693595616159e-6,1.7244840935914644e-11
repair_support,0.5,recycled_metal_output,recycled,729,0.023841917071990792,0.008206438518527648,0.08762734574270326,3.3362570078902123e-6,1.148346751432684e-6,1.2261906013364792e-5
repair_support,1.0,ce_route_metal_demand,primary,729,10.444565666041257,-1.0342920737020187,19.155850952328844,4.111037388176714e-5,-4.0710293958034545e-6,7.539846268900954e-5
repair_support,1.0,ce_route_metal_demand,recycled,729,0.039643338761971694,0.01878545592635319,0.06970186597323547,0.00010215326129442278,4.840650780345325e-5,0.00017960830620793064
repair_support,1.0,observed_new_product_output,all,729,192.80537339251825,-1510.8594288497052,1107.057451680304,0.00011318701571282309,-0.0008869548960387765,0.0006499016441997091
repair_support,1.0,observed_recycled_metal_output,recycled,729,0.016699405594788885,0.002725249636700511,0.061811937432487696,9.423738530501508e-5,1.5379014456825747e-5,0.0003488145330202397
repair_support,1.0,observed_route_input_mass,all,729,23964.445482201612,11969.78478896484,48134.29327013327,0.4530520060590241,0.2262908613830821,0.909987178399916
repair_support,1.0,primary_metal_output,primary,729,-8.607269336469471,-20.877007003407925,-0.5768289370462298,-1.9509564959017994e-6,-4.732062032230158e-6,-1.3074624689461332e-7
repair_support,1.0,recycled_metal_output,recycled,729,0.44762740752776153,0.08635922477083113,1.626576179769586,6.263758366413512e-5,1.2084454784945576e-5,0.00022761073122685798
repair_support,2.0,ce_route_metal_demand,primary,729,18.762613832766636,-4.110668454915959,35.017937647066546,7.385066017367836e-5,-1.6179812783894962e-5,0.00013783249158169967
repair_support,2.0,ce_route_metal_demand,recycled,729,0.07548077888823848,0.03346591839342367,0.14205493988674944,0.00019449945360991558,8.623523681070279e-5,0.00036604826549914405
repair_support,2.0,observed_new_product_output,all,729,340.4405111502464,-3796.2436234283086,1727.178777837506,0.0001998566990474745,-0.0022285970514935778,0.0010139458668921852
repair_support,2.0,observed_recycled_metal_output,recycled,729,0.139374309339086,0.04411759953386962,0.37169898091074316,0.000786511257326088,0.00024896258746628344,0.00209755610056758
repair_support,2.0,observed_route_input_mass,all,729,48418.81815912394,24124.43604394621,97749.81682389395,0.915366170867181,0.45607665542980697,1.8479772727000219
repair_support,2.0,primary_metal_output,primary,729,-15.850330711808056,-48.999604982323945,-3.1159943006932735,-3.592696412248886e-6,-1.110643734962971e-5,-7.062831525874011e-7
repair_support,2.0,recycled_metal_output,recycled,729,3.9277685315671533,1.1289045558171438,10.166620271137617,0.0005496221318613434,0.00015797033955805223,0.0014226397157511598
reuse_support,0.25,ce_route_metal_demand,primary,729,65.07743306713537,-94.19433535237674,169.84864681880237,0.0002561482870805168,-0.0003707539851535098,0.0006685334361708375
reuse_support,0.25,ce_route_metal_demand,recycled,729,0.25984827267760374,0.02336574794608249,0.7594645159039977,0.0006695790343514752,6.0209039627257516e-5,0.0019569940255815084
reuse_support,0.25,observed_new_product_output,all,729,6562.903898404381,-7191.064493232665,12213.485192718334,0.003852773880726657,-0.004221537581996843,0.007169965837011191
reuse_support,0.25,observed_recycled_metal_output,recycled,729,-0.0023925812578191596,-0.007812125017160554,0.07020333231572806,-1.3501714212533612e-5,-4.408505626818165e-5,0.00039616850070304084
reuse_support,0.25,observed_route_input_mass,all,729,-8.412985951784195,-454.400201149817,208.09699079704788,-0.00015904896131366917,-0.008590514762273384,0.003934109771305563
reuse_support,0.25,primary_metal_output,primary,729,-119.70943434489891,-422.90437278337777,2.1184011581353843,-2.7133796960013234e-5,-9.585711809100112e-5,4.801648860781855e-7
reuse_support,0.25,recycled_metal_output,recycled,729,-0.06100037692363003,-0.30232236581491634,1.5366112861986494,-8.535929991607812e-6,-4.230469842404812e-5,0.00021502172650332278
reuse_support,0.5,ce_route_metal_demand,primary,729,6.9146789387973735,-481.1555516954714,319.4948907490331,2.7216549307615787e-5,-0.0018938542068635262,0.0012575491247774253
reuse_support,0.5,ce_route_metal_demand,recycled,729,0.30122910398677194,-0.407965027063854,1.111993904046045,0.0007762094798194453,-0.0010512474304665306,0.0028653944735008464
reuse_support,0.5,observed_new_product_output,all,729,20008.794150592144,-2277.0679105521376,34752.41274477846,0.011746227078988652,-0.0013367600541201066,0.02040151588199664
reuse_support,0.5,observed_recycled_metal_output,recycled,729,0.2728030147460885,0.02461969759433913,1.0620751878246288,0.001539470531861531,0.00013893284494822673,0.0059934581581082245
reuse_support,0.5,observed_route_input_mass,all,729,-17.740794634557183,-904.5281769137067,382.4669416003242,-0.0003353928053222326,-0.017100262361256127,0.007230603990898917
reuse_support,0.5,primary_metal_output,primary,729,-457.86124012665823,-1330.9794164355844,-47.8298686593771,-0.00010378057496840894,-0.0003016848708805128,-1.0841300453299996e-5
reuse_support,0.5,recycled_metal_output,recycled,729,7.294205947598471,0.37347102560306666,30.50147066332852,0.001020695845743587,5.2260702133751766e-5,0.004268144417405245
reuse_support,1.0,ce_route_metal_demand,primary,729,-81.56031256631957,-1137.404393320034,653.7292081173183,-0.0003210257899395491,-0.004476885048097199,0.00257311342782987
reuse_support,1.0,ce_route_metal_demand,recycled,729,0.4753067289126297,-1.347739959486185,1.6250886667073694,0.0012247740475442752,-0.003472866729637817,0.004187541017617261
reuse_support,1.0,observed_new_product_output,all,729,39389.24924737343,-11966.101681359105,69579.73165451994,0.023123585691786363,-0.007024738549541842,0.04084700566949951
reuse_support,1.0,observed_recycled_metal_output,recycled,729,1.2487244828549784,0.4564554230682738,3.51105500501475,0.007046749632179123,0.0025758501004631233,0.01981343835548799
reuse_support,1.0,observed_route_input_mass,all,729,-84.9323249181988,-1814.8961236069463,715.4008703091563,-0.0016056603609720481,-0.034310926584950725,0.013524777765905506
reuse_support,1.0,primary_metal_output,primary,729,-1226.8307654070668,-2519.9390789302997,-196.6466752658598,-0.00027807814041576817,-0.0005711790026699024,-4.457268542554822e-5
reuse_support,1.0,recycled_metal_output,recycled,729,35.34945474777737,11.638794251490594,96.78068914359505,0.004946534532888219,0.0016286445744742894,0.013542755450567007
reuse_support,2.0,ce_route_metal_demand,primary,729,45.12350397182112,-2209.0264621937604,1451.9837622220336,0.00017760854576930824,-0.008694847318620646,0.005715086413722035
reuse_support,2.0,ce_route_metal_demand,recycled,729,1.0678680504179066,-2.3130900778884964,2.8340082798931983,0.0027516906333399692,-0.005960388365407329,0.007302694408888519
reuse_support,2.0,observed_new_product_output,all,729,71244.53117780466,-46039.05503284995,121580.46135311548,0.04182433159400634,-0.027027375605336357,0.0713742015972329
reuse_support,2.0,observed_recycled_metal_output,recycled,729,2.693172004860113,1.0666308453067188,6.5146864941088225,0.015197995310221517,0.006019166453192641,0.03676340560774296
reuse_support,2.0,observed_route_input_mass,all,729,-263.88743955800675,-3678.089650799161,1411.0047643286762,-0.0049888378996429394,-0.06953492397715211,0.026675290255003998
reuse_support,2.0,primary_metal_output,primary,729,-2230.983997289557,-4952.587949210778,-442.7695230972022,-0.0005056833417914575,-0.0011225724737226606,-0.00010035982882675211
reuse_support,2.0,recycled_metal_output,recycled,729,73.59089523977798,29.40394119187397,172.12975367838692,0.010297751612013512,0.004114564469143694,0.02408653193632297
virgin_metal_tax,0.25,ce_route_metal_demand,primary,729,-70.1558652588254,-301.4155970313253,11.444325460432983,-0.00027613727013727423,-0.0011863880494376504,4.50454823633704e-5
virgin_metal_tax,0.25,ce_route_metal_demand,recycled,729,95.47196253464955,47.83303254804204,189.5799998918095,0.24601288984232733,0.12325652740943975,0.4885112069249044
virgin_metal_tax,0.25,observed_new_product_output,all,729,-4936.303645707861,-10309.65673399615,1220.8118420676383,-0.002897872961105361,-0.006052317205750224,0.0007166815256191004
virgin_metal_tax,0.25,observed_recycled_metal_output,recycled,729,3.189623062799811,1.6236871689192505,6.3039131047496895,0.017999547099958935,0.009162723336615445,0.03557397805578789
virgin_metal_tax,0.25,observed_route_input_mass,all,729,11.141214316523397,-91.76096209098183,216.8428516568876,0.00021062659262377915,-0.0017347569333119456,0.0040994517905985324
virgin_metal_tax,0.25,primary_metal_output,primary,729,-0.6333407703787088,-16.779855241067708,0.22321921167895198,-1.43555434573704e-7,-3.80338598725445e-6,5.0595717876508295e-8
virgin_metal_tax,0.25,recycled_metal_output,recycled,729,95.86982823212566,48.932250800171005,178.85596779647972,0.013415296484690425,0.006847207971933877,0.02502774731413174
virgin_metal_tax,0.5,ce_route_metal_demand,primary,729,-263.3835898930433,-952.7136841340185,188.84979345574953,-0.0010366920177471018,-0.0037499324538101957,0.0007433229743296429
virgin_metal_tax,0.5,ce_route_metal_demand,recycled,729,190.77991152070874,95.8570033754906,380.623015510455,0.4916031484714978,0.24700506605114672,0.9807923237367684
virgin_metal_tax,0.5,observed_new_product_output,all,729,-14762.433669672111,-41736.97253636937,556.3071717818843,-0.008666334253698373,-0.024501824213489596,0.000326581917742733
virgin_metal_tax,0.5,observed_recycled_metal_output,recycled,729,6.401718148352753,3.316498660005621,12.604156629136327,0.03612590737571244,0.01871552614949919,0.07112724809092213
virgin_metal_tax,0.5,observed_route_input_mass,all,729,5.205270114403985,-225.7135956361263,390.4807259916946,9.840653601441722e-5,-0.004267154746964243,0.007382105977345102
virgin_metal_tax,0.5,primary_metal_output,primary,729,-96.2687132996507,-617.657166573219,-4.719974290579557,-2.1820633725062428e-5,-0.0001400005291179371,-1.0698473746695605e-6
virgin_metal_tax,0.5,recycled_metal_output,recycled,729,190.96276952579876,97.20318330189218,361.4762984170276,0.026721881304718607,0.013601876078008088,0.0505822510053371
virgin_metal_tax,1.0,ce_route_metal_demand,primary,729,-874.4342898261739,-2374.5239962699475,570.9726851745455,-0.0034418205351213994,-0.009346254540321225,0.0022473792893204785
virgin_metal_tax,1.0,ce_route_metal_demand,recycled,729,381.3820319810793,192.73536540930084,764.5068663405838,0.9827481635678673,0.49664197714260205,1.9699871930900088
virgin_metal_tax,1.0,observed_new_product_output,all,729,-44276.50282740813,-103315.02663931863,-5351.711244814849,-0.02599266365378783,-0.06065141929311538,-0.0031417393306988404
virgin_metal_tax,1.0,observed_recycled_metal_output,recycled,729,13.464941819188688,6.935150838001302,25.672441092036816,0.07598479497330302,0.03913615235815067,0.14487364290389051
virgin_metal_tax,1.0,observed_route_input_mass,all,729,-95.16716322583245,-495.054390258582,666.0591720865488,-0.0017991517576499726,-0.009359089271711054,0.01259196438707252
virgin_metal_tax,1.0,primary_metal_output,primary,729,-427.64691565092653,-1563.3760723806918,-77.10113789932802,-9.6932080945403e-5,-0.00035436078327713083,-1.7476037979754223e-5
virgin_metal_tax,1.0,recycled_metal_output,recycled,729,381.13790694294573,194.54397668743263,742.2927413923503,0.053333547346600216,0.027223008267151197,0.1038708151238948
virgin_metal_tax,2.0,ce_route_metal_demand,primary,719,-1643.480429797804,-4329.998313095684,1562.4704369428187,-0.006468827627366072,-0.017043106937187306,0.006149967925501801
virgin_metal_tax,2.0,ce_route_metal_demand,recycled,719,764.5197631178073,385.76857053794265,1536.1836624013981,1.9700204262736112,0.9940514296374887,3.9584499177462393
virgin_metal_tax,2.0,observed_new_product_output,all,719,-106054.37934148921,-246400.11565594253,-27655.925151559397,-0.06225956512374178,-0.14464998185301006,-0.016235499973901054
virgin_metal_tax,2.0,observed_recycled_metal_output,recycled,719,26.923787303317983,13.79140006906469,52.5655320733249,0.15193518736354908,0.07782705047799321,0.2966356060769225
virgin_metal_tax,2.0,observed_route_input_mass,all,719,-164.942611429071,-979.6034973545352,1397.5674109592283,-0.0031182687305681615,-0.018519574339766243,0.02642125475459262
virgin_metal_tax,2.0,primary_metal_output,primary,719,-778.5201973109506,-3611.3246024935506,-153.44269769708626,-0.00017646235719603437,-0.0008185566079816335,-3.47799070899782e-5
virgin_metal_tax,2.0,recycled_metal_output,recycled,719,757.3448070117593,388.1140436776841,1531.3848284998007,0.10597708699860395,0.054309735000540885,0.21429037566178755
