instrument,wedge_percent,route,valid_parameter_configurations,median_change_tonnes,lower_quartile_change_tonnes,upper_quartile_change_tonnes,median_change_percent,lower_quartile_change_percent,upper_quartile_change_percent
recycling_support,0.25,INC,729,-0.0019643939799756094,-0.01551629713957453,0.0010776628718235925,-1.0247496450808735e-6,-8.094262224803702e-6,5.621757430919093e-7
recycling_support,0.25,REC,729,12.823586348466703,6.407406533930217,25.644334674015006,0.01809138117098776,0.00903950195934613,0.036178758488997605
recycling_support,0.25,REP,729,-0.0017576909517855732,-0.5418881954803756,0.5366406573547509,-3.497589860408452e-8,-1.0782911842732232e-5,1.067849225678826e-5
recycling_support,0.25,REU,729,0.0008238773034221492,0.0003633620565161033,0.0013143006345476271,5.3315884782000134e-5,2.3514386740469055e-5,8.505283603442826e-5
recycling_support,0.5,INC,729,-0.005812355889304982,-0.030854861067079076,0.0008591316476069533,-3.032085057969359e-6,-1.6095807791012236e-5,4.4817631286668003e-7
recycling_support,0.5,REC,729,25.713702387403373,12.842095539279097,51.534716637495485,0.03627662173175721,0.018117493743325493,0.07270463791427997
recycling_support,0.5,REP,729,-0.2903626791255074,-1.1646279253378657,0.4121631137923032,-5.777861923444096e-6,-2.3174670260845593e-5,8.201541494936237e-6
recycling_support,0.5,REU,729,0.001462255227949738,0.0008244816946313405,0.0019247112024216584,9.462747781910758e-5,5.335499697982213e-5,0.0001245545669005491
recycling_support,1.0,INC,729,-0.015864592571244895,-0.07469043053060864,-0.0015926948312107447,-8.27595470789303e-6,-3.896315757296771e-5,-8.308483326881389e-7
recycling_support,1.0,REC,729,51.716765558632446,25.824860710637708,103.85435036132588,0.07296147062352043,0.036433442728732106,0.14651662862446513
recycling_support,1.0,REP,729,-0.7710852194702187,-2.863100403464489,0.45530894639702524,-1.5343652093049357e-5,-5.6972193719925236e-5,9.060090755167997e-6
recycling_support,1.0,REU,729,0.001764235344330567,0.001096936478805155,0.003356454324871083,0.0001141696317594323,7.098646688556936e-5,0.00021720750325024884
recycling_support,2.0,INC,729,-0.05273531879078394,-0.2881874870492155,-0.015665731603504762,-2.7510010601210227e-5,-0.00015033645392972504,-8.172216502528202e-6
recycling_support,2.0,REC,729,104.88752993339966,52.82810857503334,210.9358006533359,0.14797422753233222,0.07452934169913634,0.2975860159964748
recycling_support,2.0,REP,729,-3.226402526199937,-8.972079533428538,-0.31270870474422274,-6.420146129653494e-5,-0.000178533401284335,-6.222520482703613e-6
recycling_support,2.0,REU,729,0.0027911871327296334,0.0007778750758791197,0.006523018927907964,0.00018062715279991496,5.033892516287735e-5,0.0004221266008258352
refurbishment_support,0.25,INC,729,-0.2806951519700144,-0.37139060216811404,-0.2129668255135394,-0.00014642798760804875,-0.00019374035536541003,-0.0001110966950029594
refurbishment_support,0.25,REC,729,0.028067990684943492,-0.014612029883878178,0.39498132996433066,3.9598026978292385e-5,-2.0614498559734986e-5,0.0005572355191153527
refurbishment_support,0.25,REP,729,-18.43923369701233,-652.0413882562275,284.5688088081563,-0.00036691818175917817,-0.012974825556306597,0.005662570995571351
refurbishment_support,0.25,REU,729,-0.00524441178879631,-0.21388919606786594,0.09299683657906177,-0.0003393836115152171,-0.013841492763911962,0.006018139598632929
refurbishment_support,0.5,INC,729,-0.627719333062849,-0.8065699123739702,-0.4774863603259192,-0.0003274573076092119,-0.00042075685420721955,-0.0002490864782028191
refurbishment_support,0.5,REC,729,1.1622221267842539,0.21894535087044814,4.025567842707678,0.0016396507911005775,0.0003088858054663115,0.005679228906257058
refurbishment_support,0.5,REP,729,-42.30604578768846,-1305.7162738479901,551.751112998536,-0.0008418385304349347,-0.02598215571026142,0.010979171829566203
refurbishment_support,0.5,REU,729,-0.007181969560685508,-0.4237233424048068,0.18544009878582524,-0.0004647695233438645,-0.02742056955478855,0.012000455528706074
refurbishment_support,1.0,INC,729,-1.3574593231456376,-1.7864142255145234,-0.9988534737327416,-0.0007081349127441771,-0.0009319043746948161,-0.0005210638767627121
refurbishment_support,1.0,REC,729,7.2206175050346655,2.107971628512111,19.349509132627947,0.010186771471235742,0.0029739042723879094,0.027298084613571222
refurbishment_support,1.0,REP,729,-117.96986460782158,-2629.1515433175,1049.9879420175446,-0.0023474559157678956,-0.05231689774611945,0.020893474907070657
refurbishment_support,1.0,REU,729,-0.014562227958581087,-0.8433780165291229,0.3747090971525575,-0.0009423709875050522,-0.0545778418341724,0.024248692089914856
refurbishment_support,2.0,INC,729,-2.7666501529171414,-4.197191771966695,-2.0865269818299437,-0.0014432561854521603,-0.002189515353082398,-0.0010884617881533362
refurbishment_support,2.0,REC,729,13.962460098039891,5.672174514565473,37.458829456721716,0.019698092316316005,0.008002244334997303,0.05284652385887402
refurbishment_support,2.0,REP,729,-304.5479003387911,-5325.51908117009,2071.76919840885,-0.006060130463501328,-0.10597131151406504,0.04122567129392226
refurbishment_support,2.0,REU,729,-0.033586734006651464,-1.697377753219924,0.7365817888836599,-0.0021735110714474547,-0.10984305107848513,0.04766669700150522
repair_support,0.25,INC,729,-0.003691341258793168,-0.005436217241442887,-0.0017198433203439722,-1.925632374859778e-6,-2.8358678277054646e-6,-8.971768647647145e-7
repair_support,0.25,REC,729,0.00021744466604436963,-0.0001108560095559874,0.0007310334600960505,3.067686550476729e-7,-1.56394496007104e-7,1.031334340952526e-6
repair_support,0.25,REP,729,5945.513116407552,2975.1374015283614,11897.59561925886,0.11830843396984932,0.059201592853036354,0.2367475906892892
repair_support,0.25,REU,729,-0.00014501559366841832,-0.0038169805111162303,0.00147062848964441,-9.384449178905348e-6,-0.0002470097092133851,9.516933988267982e-5
repair_support,0.5,INC,729,-0.00976085355146955,-0.013038876513689873,-0.007705027033387213,-5.091866150332531e-6,-6.801886085917926e-6,-4.019419626759454e-6
repair_support,0.5,REC,729,0.002997291156920684,0.000934113988778712,0.014859415364402398,4.2285469389588185e-6,1.317838221611702e-6,2.0963507401935107e-5
repair_support,0.5,REP,729,11921.542437382595,5962.259847864385,23885.369189467463,0.237224103060099,0.11864167342857727,0.475289612228631
repair_support,0.5,REU,729,-0.00022000947090494716,-0.007659329396153325,0.0033191339778761986,-1.4237556433456695e-5,-0.000495661091641281,0.00021479237746375296
repair_support,1.0,INC,729,-0.021687802341645745,-0.026970075445197694,-0.01694167239053035,-1.131370182292127e-5,-1.4069262847473132e-5,-8.837826294645826e-6
repair_support,1.0,REC,729,0.06679725117299012,0.010901231488987737,0.24724770877365504,9.423686161627216e-5,1.5379343090245006e-5,0.00034881447525889693
repair_support,1.0,REP,729,23964.28718855286,11969.655798000618,48134.113530136274,0.47685998381826916,0.23818150004775954,0.9578099452109594
repair_support,1.0,REU,729,-0.0005141508445455356,-0.015578974112820054,0.006352686567821064,-3.3272438838276755e-5,-0.0010081680674668126,0.0004111038181283174
repair_support,2.0,INC,729,-0.042593360329453794,-0.05483872330708692,-0.034793481935368686,-2.221933651056672e-5,-2.8607276757345434e-5,-1.8150436535566834e-5
repair_support,2.0,REC,729,0.5574961039536792,0.17647060882367607,1.4867955888689521,0.0007865096583665597,0.0002489628847149404,0.00209755562840559
repair_support,2.0,REP,729,48417.98088568285,24122.913098267196,97749.20005475004,0.9634585581451733,0.4800164452704449,1.9450894403661865
repair_support,2.0,REU,729,-0.0011886802121664486,-0.03183457294051528,0.01276803250747316,-7.692351393983802e-5,-0.0020601228070377038,0.0008262625359791775
reuse_support,0.25,INC,729,-0.13883151204005498,-0.1920587152148775,-0.10694296979870041,-7.242312089087842e-5,-0.00010018972887179078,-5.5788080936021565e-5
reuse_support,0.25,REC,729,-0.0095711326729392,-0.03124843624081311,0.28085891087100734,-1.350285362604057e-5,-4.408496622299838e-5,0.00039623280677978306
reuse_support,0.25,REP,729,-10.271608800478555,-458.1148199637272,207.09140135960902,-0.00020439244313194107,-0.009115924204879479,0.004120865416285695
reuse_support,0.25,REU,729,2.0116293790963953,1.094496133595944,3.8420066094065293,0.13017933587258296,0.07082854389938906,0.248629232615045
reuse_support,0.5,INC,729,-0.32173921295870356,-0.43967286918409787,-0.21411173094851024,-0.00016783911356321951,-0.0002293606176973154,-0.00011169394863440867
reuse_support,0.5,REC,729,1.0912109201254059,0.09847845293620211,4.248299619724035,0.0015394689252662501,0.0001389323689009226,0.005993456562031074
reuse_support,0.5,REP,729,-23.87788181073445,-913.5701626511647,375.8963319709538,-0.00047514062255606647,-0.018178928067044058,0.007479876925637869
reuse_support,0.5,REU,729,4.036463417212717,2.194222133486354,7.713471379437229,0.26121318985844283,0.14199553012219548,0.49916480236452027
reuse_support,1.0,INC,729,-0.76676272266475,-1.1626095789775215,-0.5268124997519877,-0.00039999095696765613,-0.0006064892101937879,-0.00027481804956036376
reuse_support,1.0,REC,729,4.994731083904222,1.8258191148669112,14.044219805335866,0.00704651424570448,0.0025758464643771285,0.01981343805415608
reuse_support,1.0,REP,729,-101.1322067534474,-1833.9477285063822,697.161145878015,-0.002012407133018798,-0.03649331512588653,0.01387265350838052
reuse_support,1.0,REU,729,8.117495778464221,4.40901560553501,15.540405869805301,0.5253105867163469,0.2853223010881956,1.0056721861113274
reuse_support,2.0,INC,729,-1.6732524123877397,-3.0553585791207785,-1.188091224198878,-0.0008728721596603251,-0.0015938643935305152,-0.0006197820155896718
reuse_support,2.0,REC,729,10.7727879546005,4.26651906928261,26.058742248238033,0.015198136298603115,0.006019160370445728,0.036763400349837855
reuse_support,2.0,REP,729,-299.8371234827374,-3722.6811276948765,1374.9928022871957,-0.005966391769849622,-0.07407679804309482,0.027360673834776535
reuse_support,2.0,REU,729,16.391987837762063,8.881571791012131,31.541428669466974,1.0607809333694702,0.5747565278540419,2.0411524505115612
virgin_metal_tax,0.25,INC,729,0.07469502683769252,-0.028239423101510452,0.1496380730085028,3.896555529160303e-5,-1.4731433253995597e-5,7.80604928385868e-5
virgin_metal_tax,0.25,REC,729,12.758487314117737,6.494734737044391,25.2156442068675,0.017999540135861792,0.009162703672703398,0.035573966472569093
virgin_metal_tax,0.25,REP,729,-1.2425634439351096,-106.00870170239497,204.62571421447998,-2.4725491691282407e-5,-0.0021094434138874316,0.00407180125999029
virgin_metal_tax,0.25,REU,729,0.0020418075050014917,-0.021497255788339165,0.050275654418700855,0.00013213226439362557,-0.0013911600768458108,0.003253507515249082
virgin_metal_tax,0.5,INC,729,-0.10357207880943603,-1.5045364800092953,0.232757712473271,-5.4029615281948506e-5,-0.0007848594730064766,0.0001214208481995969
virgin_metal_tax,0.5,REC,729,25.60686203165477,13.265998998576869,50.41660310023128,0.03612589247803928,0.01871553229926919,0.07112721505881592
virgin_metal_tax,0.5,REP,729,-16.967002366321584,-252.75042870651964,358.73489061221807,-0.00033762258022485464,-0.005029424175847136,0.007138385247448752
virgin_metal_tax,0.5,REU,729,0.005111813344097826,-0.04146405375177098,0.0994365888889025,0.00033080271801268744,-0.0026832790553174613,0.0064348777351854805
virgin_metal_tax,1.0,INC,729,-1.071361652971471,-3.7492881161661926,0.21534702647976858,-0.0005588886368148025,-0.001955861046975387,0.00011233835534209096
virgin_metal_tax,1.0,REC,729,53.85969733610516,27.740617745324993,102.68996612377673,0.07598469630752082,0.039136172667433924,0.14487392755016615
virgin_metal_tax,1.0,REP,729,-187.37866625379988,-585.0807483128999,521.7319182430701,-0.003728606115201196,-0.011642390778313753,0.010381826596107025
virgin_metal_tax,1.0,REU,729,0.0037865636408177528,-0.08523037983199055,0.18595144591312862,0.00024504133073575675,-0.005515545934052917,0.012033546529525822
virgin_metal_tax,2.0,INC,719,-1.5722457952894953,-5.735818480288067,0.634793001846937,-0.0008201808482037859,-0.002992158401949742,0.000331147371644128
virgin_metal_tax,2.0,REC,719,107.69510635420556,55.16550720775824,210.2618791177263,0.15193512691065242,0.0778269191836306,0.29663525455979534
virgin_metal_tax,2.0,REP,719,-357.57707989947255,-1164.3705324422272,1086.2299420861154,-0.007115346231374524,-0.02316954845725997,0.021614646349820507
virgin_metal_tax,2.0,REU,719,-0.008743783903530922,-0.18171766524060962,0.3190192382099156,-0.0005658398079701599,-0.011759564273198728,0.020644813101406832
