instrument,wedge_percent,region,activity_group,valid_parameter_configurations,median_output_change_percent,lower_quartile_output_change_percent,upper_quartile_output_change_percent
recycling_support,0.25,DE,Basic metals,729,-3.5250805940910256e-6,-5.186337304064668e-6,-1.1088315821083972e-6
recycling_support,0.25,DE,Metal components,729,9.698852454498194e-6,6.244193362370064e-6,1.9523788252763307e-5
recycling_support,0.25,DE,Other manufacturing,729,-1.0149994733588139e-6,-2.790394360019378e-6,1.506680791241167e-6
recycling_support,0.25,DE,Other services,729,-1.853908315752051e-6,-4.511247131411271e-6,-5.764939858821096e-7
recycling_support,0.25,DE,Trade,729,8.986034694125075e-6,-1.1610296835051785e-6,1.6574485639520037e-5
recycling_support,0.25,FR,Basic metals,729,-1.4734214803863202e-5,-2.035710571235693e-5,-4.482720039636051e-6
recycling_support,0.25,FR,Metal components,729,1.6549277703780775e-5,5.4387846004640415e-6,3.4892094202824934e-5
recycling_support,0.25,FR,Other manufacturing,729,-2.839371152640898e-5,-5.810906330561159e-5,-1.9036757170631882e-6
recycling_support,0.25,FR,Other services,729,-1.2173027308382e-5,-1.720552933459633e-5,-8.980447230300122e-6
recycling_support,0.25,FR,Trade,729,9.176594639725997e-6,6.283398357176423e-7,1.3169451917871589e-5
recycling_support,0.25,IT,Basic metals,729,-5.9015440090530785e-6,-9.387788280094763e-6,-1.8056706796483054e-6
recycling_support,0.25,IT,Metal components,729,1.2134217186599049e-5,7.814716851406174e-6,2.4049783609036115e-5
recycling_support,0.25,IT,Other manufacturing,729,-5.7006744769161556e-6,-1.0121435023435794e-5,1.1216959250326435e-6
recycling_support,0.25,IT,Other services,729,-3.704438824581057e-5,-9.711250280597397e-5,-1.1511877751058139e-5
recycling_support,0.25,IT,Trade,729,6.743770841755063e-6,-2.371795193578672e-6,2.289767357943629e-5
recycling_support,0.25,PL,Basic metals,729,-3.543801641168518e-5,-4.880062262265396e-5,-1.0382134119722049e-5
recycling_support,0.25,PL,Metal components,729,6.0405708059399404e-5,2.4151690869986666e-5,0.0001060099953626975
recycling_support,0.25,PL,Other manufacturing,729,-8.319526887402352e-5,-0.00012323134925830022,-2.5264071079615515e-5
recycling_support,0.25,PL,Other services,729,-4.605884695863419e-6,-2.1730071797512333e-5,1.5214462356640974e-6
recycling_support,0.25,PL,Trade,729,1.6568986715983457e-5,-2.2873780758385458e-6,3.231907670376215e-5
recycling_support,0.25,REU,Basic metals,729,-1.3997616288286122e-6,-1.985834607864949e-6,-7.725352690890524e-7
recycling_support,0.25,REU,Metal components,729,3.710351625940682e-6,1.6861624652087182e-6,6.5883963062953005e-6
recycling_support,0.25,REU,Other manufacturing,729,-6.853446032906163e-7,-2.4581633506493e-6,3.01123570523032e-8
recycling_support,0.25,REU,Other services,729,7.477918728682198e-7,-1.585794384695305e-7,1.4087271571483484e-6
recycling_support,0.25,REU,Trade,729,1.3817764710211125e-7,-1.2775002056208964e-6,1.1122039622613047e-6
recycling_support,0.25,SK,Basic metals,729,-9.989451362269328e-5,-0.0001368663896464898,-2.9943289488040352e-5
recycling_support,0.25,SK,Metal components,729,0.0002718014469690386,0.00015824654098239862,0.0005853779048265641
recycling_support,0.25,SK,Other manufacturing,729,0.00011295952479372608,3.2161873065621954e-5,0.00030038917941813847
recycling_support,0.25,SK,Other services,729,0.0004159326282052547,0.00015512188900057537,0.0007641914906110907
recycling_support,0.25,SK,Trade,729,-0.0010828175604449247,-0.0015590129911279631,-0.0005853921989299332
recycling_support,0.5,DE,Basic metals,729,-5.139865344450777e-6,-1.371459994459397e-5,-1.8169533211329756e-6
recycling_support,0.5,DE,Metal components,729,2.1792341597936282e-5,1.2534004034667327e-5,3.399865204922497e-5
recycling_support,0.5,DE,Other manufacturing,729,-7.333911256068861e-10,-2.435862578309411e-6,2.5946367054885404e-6
recycling_support,0.5,DE,Other services,729,-3.2925646209491796e-6,-7.458737916188342e-6,-1.5147816334604163e-6
recycling_support,0.5,DE,Trade,729,1.8708097959674343e-5,6.185396184132961e-6,2.3630680578978803e-5
recycling_support,0.5,FR,Basic metals,729,-2.0370308606689187e-5,-5.6727257758169024e-5,-7.578910876700987e-6
recycling_support,0.5,FR,Metal components,729,3.141639910442066e-5,1.6124184620826016e-5,4.534241360154288e-5
recycling_support,0.5,FR,Other manufacturing,729,-5.335859659672007e-5,-0.00013403074842210987,-1.905584516848104e-5
recycling_support,0.5,FR,Other services,729,-1.7873801727574807e-5,-2.6179912671064908e-5,-1.3571820167701542e-5
recycling_support,0.5,FR,Trade,729,4.746139548039723e-6,-9.530818834147006e-6,1.1815309641782822e-5
recycling_support,0.5,IT,Basic metals,729,-8.799004025420156e-6,-2.3200034660102118e-5,-3.384198787877225e-6
recycling_support,0.5,IT,Metal components,729,2.343687212080808e-5,1.4771583756178809e-5,4.216939200052541e-5
recycling_support,0.5,IT,Other manufacturing,729,-7.006419788790924e-6,-1.379536893608705e-5,4.1455443522409205e-7
recycling_support,0.5,IT,Other services,729,-5.7284256005374406e-5,-0.00012460529158486746,-1.9880029211716314e-5
recycling_support,0.5,IT,Trade,729,1.0543837936083446e-5,-9.366995212811739e-6,3.786483874224109e-5
recycling_support,0.5,PL,Basic metals,729,-4.846313172087954e-5,-0.00013779600724398672,-1.7375554695841924e-5
recycling_support,0.5,PL,Metal components,729,9.554581678242237e-5,4.589451025968834e-5,0.00021938334157542796
recycling_support,0.5,PL,Other manufacturing,729,-0.00013409018692068302,-0.00027130537815226623,-6.544332389336065e-5
recycling_support,0.5,PL,Other services,729,-9.223388164337454e-6,-4.406048638161745e-5,3.0520829419348243e-6
recycling_support,0.5,PL,Trade,729,2.124249688373725e-5,-1.9519084637490424e-5,6.526098854654456e-5
recycling_support,0.5,REU,Basic metals,729,-2.863123471641439e-6,-5.92542460653438e-6,-1.4481420618217593e-6
recycling_support,0.5,REU,Metal components,729,6.827760223870869e-6,2.577870650277695e-6,1.6996334895047452e-5
recycling_support,0.5,REU,Other manufacturing,729,-1.3093894524196514e-6,-3.0571847609017766e-6,-1.7029475607444056e-7
recycling_support,0.5,REU,Other services,729,1.312430275568488e-6,-5.711016437537353e-7,2.192400927469862e-6
recycling_support,0.5,REU,Trade,729,-2.4725178571216594e-7,-2.497663675882223e-6,1.0546219120222135e-6
recycling_support,0.5,SK,Basic metals,729,-0.00013604348737703275,-0.0003938567013928014,-4.835775364542385e-5
recycling_support,0.5,SK,Metal components,729,0.00058876236667162,0.00029460120721641175,0.001054829582821348
recycling_support,0.5,SK,Other manufacturing,729,0.0003091852761776453,6.562153953728125e-5,0.0007743792176049715
recycling_support,0.5,SK,Other services,729,2.3131446380550832e-5,-0.00028440498001089837,0.00040228023898726317
recycling_support,0.5,SK,Trade,729,-0.0015247580179328082,-0.002924565329992585,-0.000880067762367287
recycling_support,1.0,DE,Basic metals,729,-1.5972979883207028e-5,-3.5020550792638305e-5,-5.783913703539088e-6
recycling_support,1.0,DE,Metal components,729,3.664732048935721e-5,2.2546330979977072e-5,5.5615090577270885e-5
recycling_support,1.0,DE,Other manufacturing,729,-2.090629580564497e-6,-9.124567867946367e-6,2.259286546735241e-6
recycling_support,1.0,DE,Other services,729,-4.781291274014166e-6,-9.581705784356137e-6,-2.292998035891004e-6
recycling_support,1.0,DE,Trade,729,1.7315981382104463e-5,1.0798519112231744e-5,2.3321459929892585e-5
recycling_support,1.0,FR,Basic metals,729,-6.580653816348163e-5,-0.0001490738159922829,-2.36114662600476e-5
recycling_support,1.0,FR,Metal components,729,2.5288095573112615e-5,-1.9567195541635348e-5,6.245869383913597e-5
recycling_support,1.0,FR,Other manufacturing,729,-0.00018342127967585657,-0.00035575677719279584,-6.559927203664302e-5
recycling_support,1.0,FR,Other services,729,-2.9335356610538113e-5,-4.2817912582204825e-5,-1.840658475638081e-5
recycling_support,1.0,FR,Trade,729,-8.313150645644666e-6,-3.713975614827456e-5,8.803002193857902e-6
recycling_support,1.0,IT,Basic metals,729,-2.856435301628231e-5,-6.136087986616025e-5,-1.0009059636685198e-5
recycling_support,1.0,IT,Metal components,729,4.676067597575398e-5,2.752429970609988e-5,8.577158006062122e-5
recycling_support,1.0,IT,Other manufacturing,729,-4.408226195185018e-6,-1.526392375827972e-5,1.0501411618069072e-5
recycling_support,1.0,IT,Other services,729,-7.13990546463707e-5,-0.00014276996738171767,1.616588767294759e-5
recycling_support,1.0,IT,Trade,729,3.620952477856341e-5,-2.6485982185242707e-6,0.00011927911430786907
recycling_support,1.0,PL,Basic metals,729,-0.00015797971415262846,-0.00036469159476504613,-5.488611334621419e-5
recycling_support,1.0,PL,Metal components,729,0.0002462964630181772,0.00011037484189175853,0.0005387046938676356
recycling_support,1.0,PL,Other manufacturing,729,-0.00033518130236887873,-0.0006395879959209303,-0.00015236281402100638
recycling_support,1.0,PL,Other services,729,-1.172117459758012e-5,-5.195638181910139e-5,7.536759061289091e-6
recycling_support,1.0,PL,Trade,729,4.379742087890538e-5,-2.77233013212877e-5,9.984420098475743e-5
recycling_support,1.0,REU,Basic metals,729,-7.757261477614575e-6,-1.446961828133215e-5,-4.0204195084214935e-6
recycling_support,1.0,REU,Metal components,729,1.830084281895235e-5,6.602313384895794e-6,3.9719339217647505e-5
recycling_support,1.0,REU,Other manufacturing,729,-1.8456880135353515e-6,-5.216172260791297e-6,5.322397633733544e-7
recycling_support,1.0,REU,Other services,729,2.896698636511985e-6,-1.5992950297416542e-7,3.783007329616339e-6
recycling_support,1.0,REU,Trade,729,-1.5399186481523937e-6,-4.255272723074909e-6,6.508486194434228e-7
recycling_support,1.0,SK,Basic metals,729,-0.0004473454827043657,-0.0010376296718254702,-0.00014497627102422368
recycling_support,1.0,SK,Metal components,729,0.0013376240117701126,0.0006677992478780269,0.0023215795177513846
recycling_support,1.0,SK,Other manufacturing,729,0.0011889089092999622,0.0004223743216080947,0.002278985407304151
recycling_support,1.0,SK,Other services,729,-0.0005564328016877001,-0.0010246535203873278,-8.051018079993416e-5
recycling_support,1.0,SK,Trade,729,-0.003027392711558987,-0.006291725926884752,-0.001536200222476368
recycling_support,2.0,DE,Basic metals,729,-3.9598613776906134e-5,-8.069676584731406e-5,-2.0595530403347154e-5
recycling_support,2.0,DE,Metal components,729,5.813650405528156e-5,2.9529689937746696e-5,9.71356899692755e-5
recycling_support,2.0,DE,Other manufacturing,729,-1.7196409451969427e-5,-3.5820652166673807e-5,-5.6512073132175595e-6
recycling_support,2.0,DE,Other services,729,-6.938407537404605e-6,-1.4938407655318302e-5,-2.8525719786287612e-6
recycling_support,2.0,DE,Trade,729,1.1295353552487364e-5,-2.42237749858987e-6,2.16516614193197e-5
recycling_support,2.0,FR,Basic metals,729,-0.00016218109718607506,-0.0003297145819938736,-7.589992808739985e-5
recycling_support,2.0,FR,Metal components,729,-9.565647984820971e-6,-0.00012263327956451165,6.710791915498897e-5
recycling_support,2.0,FR,Other manufacturing,729,-0.00047475296529597867,-0.0008357414042481385,-0.00024382823993196503
recycling_support,2.0,FR,Other services,729,-5.834970799867283e-5,-9.105732303726918e-5,-3.646109443256054e-5
recycling_support,2.0,FR,Trade,729,-4.677741970438038e-5,-0.00012443203797341055,-1.171407918443281e-5
recycling_support,2.0,IT,Basic metals,729,-6.996912055312123e-5,-0.00013930320791364866,-3.4607333254719585e-5
recycling_support,2.0,IT,Metal components,729,9.467470682977434e-5,4.736398027116316e-5,0.00017987998859325015
recycling_support,2.0,IT,Other manufacturing,729,2.3251047198691387e-6,-2.3543843219453505e-5,4.1260692973388465e-5
recycling_support,2.0,IT,Other services,729,-6.45706619617493e-5,-0.0002911856862186655,0.00019516231919425336
recycling_support,2.0,IT,Trade,729,7.014228911028687e-5,-2.5579548745824476e-5,0.0002574901074248197
recycling_support,2.0,PL,Basic metals,729,-0.0003967248780163577,-0.0008167962312771908,-0.00018267796143464372
recycling_support,2.0,PL,Metal components,729,0.0005477094832812159,0.00028344600922613,0.0011210946016646157
recycling_support,2.0,PL,Other manufacturing,729,-0.000802924166420933,-0.0014281266372376084,-0.00043406497993728926
recycling_support,2.0,PL,Other services,729,-1.3555657529807977e-5,-9.055246880108417e-5,7.719985550825459e-6
recycling_support,2.0,PL,Trade,729,5.858277434268945e-5,-6.123065189324081e-5,0.00014551562533828208
recycling_support,2.0,REU,Basic metals,729,-1.8416188252158045e-5,-3.1896071639448985e-5,-1.1065562843804446e-5
recycling_support,2.0,REU,Metal components,729,4.3950705974627435e-5,1.9859560440593792e-5,8.746689911243188e-5
recycling_support,2.0,REU,Other manufacturing,729,-4.109028317600406e-6,-1.2769543134005804e-5,1.1038096436877254e-6
recycling_support,2.0,REU,Other services,729,6.1098934134307115e-6,-4.4459457226864174e-7,7.21306658846288e-6
recycling_support,2.0,REU,Trade,729,-4.391789210078657e-6,-1.0074590051090125e-5,-3.9458585288088e-7
recycling_support,2.0,SK,Basic metals,729,-0.0011049275932769292,-0.0022465228655478486,-0.0004926340988447242
recycling_support,2.0,SK,Metal components,729,0.002926010443910793,0.0017486576451389132,0.004791213706753499
recycling_support,2.0,SK,Other manufacturing,729,0.0032895814034042885,0.0017324404434536677,0.005276925519185859
recycling_support,2.0,SK,Other services,729,-0.0013793201156847357,-0.00444480115520213,-0.0006451932245792963
recycling_support,2.0,SK,Trade,729,-0.0066809443055078155,-0.012950982696289845,-0.003578705023569974
refurbishment_support,0.25,DE,Basic metals,729,-2.6536719655019114e-5,-9.375035435744874e-5,4.23579608055601e-6
refurbishment_support,0.25,DE,Metal components,729,-9.346412440658062e-5,-0.0002540185642607649,-4.6927220076485464e-5
refurbishment_support,0.25,DE,Other manufacturing,729,-0.00011882602853896526,-0.00024849142937766194,-6.825596851056662e-5
refurbishment_support,0.25,DE,Other services,729,-0.0003217630458296484,-0.00034694985187044846,-0.00029030323921430684
refurbishment_support,0.25,DE,Trade,729,-0.00017772203927402007,-0.00023915857024769987,-0.0001289422833949951
refurbishment_support,0.25,FR,Basic metals,729,-0.0001033873092254509,-0.00038838162830441076,2.414353582625799e-5
refurbishment_support,0.25,FR,Metal components,729,-0.00031601039678366466,-0.0007905248139761871,-0.0001451814929720558
refurbishment_support,0.25,FR,Other manufacturing,729,-0.0005681667161083765,-0.0013646024573432823,-0.0002785310827091442
refurbishment_support,0.25,FR,Other services,729,-0.0001444887025692235,-0.00023821402748147602,-9.41084546401961e-5
refurbishment_support,0.25,FR,Trade,729,-0.0001262078112462819,-0.00023583727979392726,-7.754471964549538e-5
refurbishment_support,0.25,IT,Basic metals,729,-4.726017851518049e-5,-0.000164958280668785,6.708430466699208e-6
refurbishment_support,0.25,IT,Metal components,729,-0.0001220282198066711,-0.0001648372027873672,-9.584905054094058e-5
refurbishment_support,0.25,IT,Other manufacturing,729,-0.00013606329655191428,-0.00022334171322357948,-5.685562339818883e-5
refurbishment_support,0.25,IT,Other services,729,-9.869878075940987e-5,-0.00048204035302257367,0.0004182446093126139
refurbishment_support,0.25,IT,Trade,729,-0.00018478328868143498,-0.0003054089946275003,-4.979370255009411e-5
refurbishment_support,0.25,PL,Basic metals,729,-0.00024326911715304337,-0.0009387812959085487,7.139923779271629e-5
refurbishment_support,0.25,PL,Metal components,729,5.0531379526433035e-5,-0.00023863003532739561,0.0005807556194953497
refurbishment_support,0.25,PL,Other manufacturing,729,-0.0009681200933698214,-0.0025045464523421974,-0.0004673333066307625
refurbishment_support,0.25,PL,Other services,729,-0.00021961708687181735,-0.00031606293541266533,-0.0001813609045275987
refurbishment_support,0.25,PL,Trade,729,-5.3501908414701475e-5,-0.0002256711150172992,8.52057190692359e-5
refurbishment_support,0.25,REU,Basic metals,729,-2.073651537148898e-5,-4.447388772810273e-5,-9.564103131687562e-6
refurbishment_support,0.25,REU,Metal components,729,-1.9092713288149028e-5,-3.370412358094653e-5,5.677976222528945e-6
refurbishment_support,0.25,REU,Other manufacturing,729,-6.32299483105392e-5,-0.00013195892519801689,-3.3369472263178324e-5
refurbishment_support,0.25,REU,Other services,729,-0.0003277329996276279,-0.0003611117761370686,-0.0003027927527488039
refurbishment_support,0.25,REU,Trade,729,-0.00027032429913420597,-0.0003628164765734355,-0.0002282548677845499
refurbishment_support,0.25,SK,Basic metals,729,-0.0006833123020714152,-0.002681102236462678,0.00020977731707355068
refurbishment_support,0.25,SK,Metal components,729,-0.0009822049042652852,-0.001525510121760687,-0.00012932711329191867
refurbishment_support,0.25,SK,Other manufacturing,729,7.041623158177479e-5,-0.0018221622353119227,0.00358103491431269
refurbishment_support,0.25,SK,Other services,729,-0.0014190663408307975,-0.003895701069461095,-9.316262606923123e-5
refurbishment_support,0.25,SK,Trade,729,-0.00028405707889570247,-0.012265982722580868,0.004951417372078304
refurbishment_support,0.5,DE,Basic metals,729,-7.579125484989209e-5,-0.0002403468347678652,-1.729826448748882e-6
refurbishment_support,0.5,DE,Metal components,729,-0.00021412128005104424,-0.00061345659736477,-0.00010329122748230426
refurbishment_support,0.5,DE,Other manufacturing,729,-0.00027189653948322967,-0.0005388969799402513,-0.00014358575542994234
refurbishment_support,0.5,DE,Other services,729,-0.0006385213358939269,-0.0007109665833060499,-0.0005673879040712928
refurbishment_support,0.5,DE,Trade,729,-0.0003515965301681416,-0.0004802298944173172,-0.0002373367919639161
refurbishment_support,0.5,FR,Basic metals,729,-0.0002953470515614649,-0.0009880836279877378,1.3542930277297719e-5
refurbishment_support,0.5,FR,Metal components,729,-0.0009170190830243875,-0.0022219422253333134,-0.00036859132793725025
refurbishment_support,0.5,FR,Other manufacturing,729,-0.0017731198856174633,-0.0036535942611326667,-0.0007210206039887112
refurbishment_support,0.5,FR,Other services,729,-0.00028682653070433183,-0.0004688218124049296,-0.0001838369575901667
refurbishment_support,0.5,FR,Trade,729,-0.0002867321228561265,-0.0006195871767866768,-0.0001954026850214956
refurbishment_support,0.5,IT,Basic metals,729,-0.00013771003298836102,-0.00042381868667967483,-5.853882001373931e-6
refurbishment_support,0.5,IT,Metal components,729,-0.0002921760139717879,-0.00039709479620061685,-0.00022301972268933595
refurbishment_support,0.5,IT,Other manufacturing,729,-0.00031109695369790956,-0.0004779221644102299,-0.00016669290194837346
refurbishment_support,0.5,IT,Other services,729,-0.00026869404184948247,-0.0011935880868563246,0.0008710114102750141
refurbishment_support,0.5,IT,Trade,729,-0.00045747707847487886,-0.0007669778732122296,-0.0001650138424125211
refurbishment_support,0.5,PL,Basic metals,729,-0.000693688553908427,-0.002377312110150069,6.798620585787436e-5
refurbishment_support,0.5,PL,Metal components,729,0.0002580569541998325,-0.00040498923251559924,0.0015105473003179841
refurbishment_support,0.5,PL,Other manufacturing,729,-0.002866592856543385,-0.006286639640830098,-0.0011498465468995779
refurbishment_support,0.5,PL,Other services,729,-0.0004898375386975056,-0.0009640971118552667,-0.00039885762199714
refurbishment_support,0.5,PL,Trade,729,-0.00020989077098580456,-0.0007264786120121938,6.253121686007908e-5
refurbishment_support,0.5,REU,Basic metals,729,-4.724790484411695e-5,-0.00010660276268392705,-2.4785812280381226e-5
refurbishment_support,0.5,REU,Metal components,729,-2.2997485060738378e-5,-6.057433108441835e-5,6.643313662513275e-5
refurbishment_support,0.5,REU,Other manufacturing,729,-0.00013981683938402156,-0.0002648608144695253,-7.371790703425418e-5
refurbishment_support,0.5,REU,Other services,729,-0.0006490791537028251,-0.000705888075858141,-0.0005988208481633173
refurbishment_support,0.5,REU,Trade,729,-0.000501190364743387,-0.0007318358069774434,-0.000410209048828936
refurbishment_support,0.5,SK,Basic metals,729,-0.0019790115114703033,-0.006753904570427794,0.00021641968962458688
refurbishment_support,0.5,SK,Metal components,729,-0.0005839504319939458,-0.0023512260297003673,0.003919792847258342
refurbishment_support,0.5,SK,Other manufacturing,729,0.005638431733873983,-0.001767833167995389,0.018829520494594538
refurbishment_support,0.5,SK,Other services,729,-0.0055937254096001055,-0.030974388441213085,-0.0011217234628157907
refurbishment_support,0.5,SK,Trade,729,-0.008083430323880002,-0.02857819856195531,0.007789466599360341
refurbishment_support,1.0,DE,Basic metals,729,-0.00017276713116800882,-0.0004887538335276456,-1.3288402578305868e-5
refurbishment_support,1.0,DE,Metal components,729,-0.0005126535021715464,-0.0012430513026128996,-0.00024184501141721816
refurbishment_support,1.0,DE,Other manufacturing,729,-0.0006346446627114589,-0.0010820780459996908,-0.0003072326039577079
refurbishment_support,1.0,DE,Other services,729,-0.001271770259914096,-0.0014605936365263974,-0.0011142607817093981
refurbishment_support,1.0,DE,Trade,729,-0.0007001843935539052,-0.0009632736467479767,-0.0004825328375090987
refurbishment_support,1.0,FR,Basic metals,729,-0.0007127014207170575,-0.0020196277638015437,-8.985563781975326e-6
refurbishment_support,1.0,FR,Metal components,729,-0.0020899871024050074,-0.004754549911301059,-0.0007730813443520119
refurbishment_support,1.0,FR,Other manufacturing,729,-0.003995475513851608,-0.008051183651336408,-0.0015885193323295133
refurbishment_support,1.0,FR,Other services,729,-0.0005472820535645799,-0.0008626331429617563,-0.00035774530003918086
refurbishment_support,1.0,FR,Trade,729,-0.000611002390027428,-0.001204552678679696,-0.00039266356727241184
refurbishment_support,1.0,IT,Basic metals,729,-0.000352064848952473,-0.0008931407882620041,-3.673471121740422e-5
refurbishment_support,1.0,IT,Metal components,729,-0.0006337250722632739,-0.0009390441673584164,-0.0004639156567454025
refurbishment_support,1.0,IT,Other manufacturing,729,-0.0006422546938722479,-0.0010293074605982621,-0.00033403494197337157
refurbishment_support,1.0,IT,Other services,729,-0.00086218612638245,-0.0028293094037068547,0.0015828887167446148
refurbishment_support,1.0,IT,Trade,729,-0.0009318361557375588,-0.0018550056617994205,-0.00036792508202321473
refurbishment_support,1.0,PL,Basic metals,729,-0.0016851047488998783,-0.004870160504233414,3.2600239853972275e-5
refurbishment_support,1.0,PL,Metal components,729,0.0007032954010648377,-0.0007092537729003446,0.003076298363051983
refurbishment_support,1.0,PL,Other manufacturing,729,-0.006371034914577692,-0.01274245047085076,-0.0024728983041955874
refurbishment_support,1.0,PL,Other services,729,-0.0010146150074442214,-0.0021527529522227594,-0.0008168270502096684
refurbishment_support,1.0,PL,Trade,729,-0.000511826025351245,-0.0018749652471510177,-9.05560225694766e-5
refurbishment_support,1.0,REU,Basic metals,729,-0.00010450624736702077,-0.00021643929118964745,-5.1772323039767745e-5
refurbishment_support,1.0,REU,Metal components,729,-1.4610975729300734e-5,-0.00010813301309919819,0.00014840702471374752
refurbishment_support,1.0,REU,Other manufacturing,729,-0.0003002185554712433,-0.0005440303302850502,-0.00016077510446299573
refurbishment_support,1.0,REU,Other services,729,-0.001310674432808412,-0.0014240853449698498,-0.001202863185356673
refurbishment_support,1.0,REU,Trade,729,-0.000980017652219001,-0.001495341955570773,-0.000750214950684392
refurbishment_support,1.0,SK,Basic metals,729,-0.004597772053268604,-0.013576660611460638,0.0002456081983228107
refurbishment_support,1.0,SK,Metal components,729,0.0010367962151804435,-0.0036887219576108004,0.011257752432781043
refurbishment_support,1.0,SK,Other manufacturing,729,0.017503990201363354,-0.0018940744898391277,0.04676565904938025
refurbishment_support,1.0,SK,Other services,729,-0.029149940619571924,-0.08965683619457189,-0.007260354001719185
refurbishment_support,1.0,SK,Trade,729,-0.01869150401761695,-0.05674133953123778,0.0123483223482162
refurbishment_support,2.0,DE,Basic metals,729,-0.000378064253170354,-0.001024300659335796,-2.5164957084825585e-5
refurbishment_support,2.0,DE,Metal components,729,-0.001071138820363198,-0.0026422266868441047,-0.0004705272859116967
refurbishment_support,2.0,DE,Other manufacturing,729,-0.0013093419366616572,-0.002286239226279021,-0.000657275930671109
refurbishment_support,2.0,DE,Other services,729,-0.0026625831507476336,-0.0033315169335579333,-0.00235089215748774
refurbishment_support,2.0,DE,Trade,729,-0.001544498938588214,-0.0025297660032896963,-0.0011212497931789597
refurbishment_support,2.0,FR,Basic metals,729,-0.0015280162226263667,-0.004146217292933838,-6.892073041197802e-5
refurbishment_support,2.0,FR,Metal components,729,-0.004506427177253603,-0.009866343060571155,-0.0014573027816600175
refurbishment_support,2.0,FR,Other manufacturing,729,-0.00799239137083692,-0.015419863256893651,-0.003235304998028321
refurbishment_support,2.0,FR,Other services,729,-0.0011169197036475793,-0.001998123965341049,-0.000728850299769324
refurbishment_support,2.0,FR,Trade,729,-0.0013065896332764605,-0.002852399257946568,-0.0008205355901513847
refurbishment_support,2.0,IT,Basic metals,729,-0.0008091236339625469,-0.0019744481369905246,-0.00011140498720221091
refurbishment_support,2.0,IT,Metal components,729,-0.0013197780875717883,-0.0020517710870526025,-0.0008510097883385298
refurbishment_support,2.0,IT,Other manufacturing,729,-0.0011757988719329792,-0.002056988405263475,-0.0004759728410963522
refurbishment_support,2.0,IT,Other services,729,-0.0013700865421517618,-0.006088450580388213,0.004139678435721727
refurbishment_support,2.0,IT,Trade,729,-0.0023462187932810174,-0.0052414876703821564,-0.0009869090841996327
refurbishment_support,2.0,PL,Basic metals,729,-0.003488965890888063,-0.00977936155744498,1.0454339072790309e-5
refurbishment_support,2.0,PL,Metal components,729,0.0010951897256404775,-0.0014657503444707816,0.00592919798990446
refurbishment_support,2.0,PL,Other manufacturing,729,-0.01195569616392541,-0.024784643624043833,-0.00505726942892132
refurbishment_support,2.0,PL,Other services,729,-0.002089608872502131,-0.0057020137326120775,-0.001645402060657202
refurbishment_support,2.0,PL,Trade,729,-0.0012204315797516789,-0.0060665858753655285,-0.00032499974783613945
refurbishment_support,2.0,REU,Basic metals,729,-0.00021487670297527233,-0.00045954916296775806,-9.654146103654791e-5
refurbishment_support,2.0,REU,Metal components,729,3.6676974779492834e-5,-0.0001702984400386868,0.0004489881529234914
refurbishment_support,2.0,REU,Other manufacturing,729,-0.0006572514745006864,-0.0011858318901825093,-0.00034153760485322593
refurbishment_support,2.0,REU,Other services,729,-0.002637589935450269,-0.002887434569776026,-0.0024014856356835423
refurbishment_support,2.0,REU,Trade,729,-0.0019772266625417427,-0.002953361762181307,-0.0014297279375741214
refurbishment_support,2.0,SK,Basic metals,729,-0.009549942063724321,-0.027278317700730945,0.0003611262031518751
refurbishment_support,2.0,SK,Metal components,729,0.0005886493428662418,-0.008185510767507193,0.018565980583794668
refurbishment_support,2.0,SK,Other manufacturing,729,0.029927745957362122,-0.003971679295859753,0.08839927498672843
refurbishment_support,2.0,SK,Other services,729,-0.08486212803157298,-0.19282102965458944,-0.02388013288686758
refurbishment_support,2.0,SK,Trade,729,-0.028771173785928406,-0.10198372881826663,0.031833972912497385
repair_support,0.25,DE,Basic metals,729,-9.318978921869546e-9,-1.6904611044312591e-7,8.507066162623615e-8
repair_support,0.25,DE,Metal components,729,-3.5532854436580684e-8,-5.365091926279149e-7,1.333999799513056e-7
repair_support,0.25,DE,Other manufacturing,729,-5.506242239938789e-7,-1.423476014839054e-6,-3.9585079658621693e-8
repair_support,0.25,DE,Other services,729,-5.592241880680861e-6,-6.639189720214492e-6,-1.759195045192286e-6
repair_support,0.25,DE,Trade,729,-1.7744897551352793e-6,-3.3917216812895453e-6,-4.4206749372222194e-9
repair_support,0.25,FR,Basic metals,729,-1.0738344657981824e-7,-1.2050902054084612e-6,3.6883526233412626e-7
repair_support,0.25,FR,Metal components,729,-4.89463281017229e-7,-2.3288656336718864e-6,2.455009529000923e-7
repair_support,0.25,FR,Other manufacturing,729,-1.2900679080551954e-6,-8.172883936286038e-6,-2.6224022953158788e-8
repair_support,0.25,FR,Other services,729,-3.6254309998540196e-6,-4.452278190569817e-6,-1.0663502081342817e-6
repair_support,0.25,FR,Trade,729,-1.5109860584949811e-6,-4.332134273532527e-6,-2.2035410163212633e-7
repair_support,0.25,IT,Basic metals,729,-7.995104578399821e-9,-2.5682781457135084e-7,1.2951303363123615e-7
repair_support,0.25,IT,Metal components,729,-5.499486643855995e-7,-1.789823089737199e-6,7.569438409405607e-8
repair_support,0.25,IT,Other manufacturing,729,-1.1960478496497735e-6,-3.0017860530584553e-6,-6.164291299626279e-10
repair_support,0.25,IT,Other services,729,-1.3242360541454464e-7,-6.150564224594043e-6,4.7322357143997404e-7
repair_support,0.25,IT,Trade,729,-2.468117044074365e-6,-5.416982962192008e-6,-2.3540736027172335e-7
repair_support,0.25,PL,Basic metals,729,-9.03332964034155e-9,-7.383889611153676e-7,1.0607556611459536e-6
repair_support,0.25,PL,Metal components,729,-1.7857073597959703e-7,-2.561892620347038e-6,1.7112971040564538e-7
repair_support,0.25,PL,Other manufacturing,729,-1.702054930330419e-6,-1.1434660018851282e-5,1.1835699087471634e-8
repair_support,0.25,PL,Other services,729,-3.953916150045979e-6,-5.269679248521126e-6,-1.8036796944899103e-6
repair_support,0.25,PL,Trade,729,-2.286234135340645e-6,-4.577956957963524e-6,-9.504491860214493e-7
repair_support,0.25,REU,Basic metals,729,-2.0013918300421965e-7,-3.3271777555299346e-7,-5.1256288102763816e-8
repair_support,0.25,REU,Metal components,729,-1.586245690354813e-7,-6.426734588949118e-7,9.285305857531593e-9
repair_support,0.25,REU,Other manufacturing,729,-4.755985050231004e-7,-8.312584953706903e-7,-1.3039809232395783e-7
repair_support,0.25,REU,Other services,729,-3.463902764622162e-6,-4.556973554059596e-6,-4.7645178913313657e-7
repair_support,0.25,REU,Trade,729,-2.0564333569339514e-6,-3.420626193406662e-6,-1.5832125610515393e-7
repair_support,0.25,SK,Basic metals,729,-2.0052404185724118e-9,-2.0848891061717755e-6,3.105315483238564e-6
repair_support,0.25,SK,Metal components,729,-4.910216403475904e-6,-1.580746324148963e-5,1.4831055282733768e-7
repair_support,0.25,SK,Other manufacturing,729,-1.707975583252921e-5,-4.43451592131493e-5,1.0151612883942465e-8
repair_support,0.25,SK,Other services,729,4.50231389947582e-6,-1.4119674651636413e-6,7.048424833822063e-5
repair_support,0.25,SK,Trade,729,-4.2110006936178155e-6,-8.461739446926897e-5,4.871994042821721e-6
repair_support,0.5,DE,Basic metals,729,-4.1432064445946326e-7,-1.3571024304327657e-6,2.5732049824259994e-8
repair_support,0.5,DE,Metal components,729,-1.1000454658293796e-6,-2.8693011855373096e-6,6.710479949489957e-8
repair_support,0.5,DE,Other manufacturing,729,-2.545110333596058e-6,-4.418246624116053e-6,-1.1225404938919332e-6
repair_support,0.5,DE,Other services,729,-1.2553033312823206e-5,-1.3858803304955819e-5,-1.0986739495955088e-5
repair_support,0.5,DE,Trade,729,-3.94199769493398e-6,-7.401810941942707e-6,-1.5318708523892626e-7
repair_support,0.5,FR,Basic metals,729,-1.4794310110385082e-6,-5.609067277341357e-6,4.824939559027375e-7
repair_support,0.5,FR,Metal components,729,-5.609663844553086e-6,-1.5074455061990743e-5,-7.59609264378087e-8
repair_support,0.5,FR,Other manufacturing,729,-1.443515732502122e-5,-3.332640003961274e-5,-3.356639266538522e-6
repair_support,0.5,FR,Other services,729,-8.980363963573275e-6,-1.107478435624643e-5,-7.896048803690552e-6
repair_support,0.5,FR,Trade,729,-6.255222262385775e-6,-1.296376522796908e-5,-1.1296162671925522e-6
repair_support,0.5,IT,Basic metals,729,-7.666127399569743e-7,-2.554965727880255e-6,5.19201570626853e-8
repair_support,0.5,IT,Metal components,729,-2.805463483746068e-6,-4.570279465987328e-6,-1.2360173551328866e-6
repair_support,0.5,IT,Other manufacturing,729,-4.370630735106591e-6,-7.4955411433208556e-6,-1.4476741028168796e-6
repair_support,0.5,IT,Other services,729,-7.5214517836208565e-6,-2.876964991793689e-5,3.331560449737488e-6
repair_support,0.5,IT,Trade,729,-8.204044799065038e-6,-1.2213875866251627e-5,-4.16304520856061e-6
repair_support,0.5,PL,Basic metals,729,-3.1263419077637757e-6,-1.332555609247965e-5,1.044492981055989e-6
repair_support,0.5,PL,Metal components,729,1.120483039714757e-7,-4.699489619820912e-6,6.2999042206864805e-6
repair_support,0.5,PL,Other manufacturing,729,-2.0604414185946504e-5,-5.3230158159063974e-5,-1.7932515805621226e-6
repair_support,0.5,PL,Other services,729,-9.71256745030505e-6,-1.2279785543968517e-5,-7.984189975829857e-6
repair_support,0.5,PL,Trade,729,-5.052326590427377e-6,-1.1256225462832557e-5,-1.6588711626577832e-6
repair_support,0.5,REU,Basic metals,729,-5.20388498959079e-7,-9.488801966384311e-7,-2.2157149448531757e-7
repair_support,0.5,REU,Metal components,729,-5.166315597548983e-7,-1.251339687424746e-6,6.155667087171088e-8
repair_support,0.5,REU,Other manufacturing,729,-1.4305650331003505e-6,-2.410986521539371e-6,-7.190914752541746e-7
repair_support,0.5,REU,Other services,729,-8.321233113672832e-6,-9.634567610383726e-6,-7.373507993069239e-6
repair_support,0.5,REU,Trade,729,-6.491266202335313e-6,-8.986634458807428e-6,-4.858217705905333e-6
repair_support,0.5,SK,Basic metals,729,-8.902770944202617e-6,-3.830034940053718e-5,3.151479611283912e-6
repair_support,0.5,SK,Metal components,729,-2.6938619220485348e-5,-4.8942156472393046e-5,-3.7173611874718136e-6
repair_support,0.5,SK,Other manufacturing,729,-4.954582482252139e-5,-7.902551088264646e-5,-9.862132555433332e-7
repair_support,0.5,SK,Other services,729,7.439520280927436e-5,-1.799602977752357e-6,0.00026077472227223174
repair_support,0.5,SK,Trade,729,-9.224925682991167e-5,-0.0003910376966464247,1.8935494289709973e-7
repair_support,1.0,DE,Basic metals,729,-1.424058970745148e-6,-3.227365896752276e-6,-2.2587670622799644e-7
repair_support,1.0,DE,Metal components,729,-3.367307654933371e-6,-7.753149200428842e-6,-5.871940267354541e-7
repair_support,1.0,DE,Other manufacturing,729,-5.889281240456516e-6,-1.003643660402176e-5,-3.1734100902625065e-6
repair_support,1.0,DE,Other services,729,-2.635760836255941e-5,-2.9349173735759855e-5,-2.3461004738933873e-5
repair_support,1.0,DE,Trade,729,-9.91763009494663e-6,-1.6848332162755558e-5,-3.6187910223972655e-6
repair_support,1.0,FR,Basic metals,729,-5.1441063409122555e-6,-1.3501899987002285e-5,2.74407929713867e-7
repair_support,1.0,FR,Metal components,729,-1.680405947723909e-5,-3.567170675511162e-5,-5.333412755880939e-6
repair_support,1.0,FR,Other manufacturing,729,-3.743467600347839e-5,-7.801140469165806e-5,-1.5689342613978236e-5
repair_support,1.0,FR,Other services,729,-1.988583332446227e-5,-2.612735607865348e-5,-1.7105739036349383e-5
repair_support,1.0,FR,Trade,729,-1.603515279446915e-5,-3.435748447966357e-5,-5.892959031861279e-6
repair_support,1.0,IT,Basic metals,729,-2.4586893521176526e-6,-5.882823272975772e-6,-3.607995902051818e-7
repair_support,1.0,IT,Metal components,729,-6.540175756519232e-6,-1.0536043926201007e-5,-2.8661198192557946e-6
repair_support,1.0,IT,Other manufacturing,729,-9.352885543822971e-6,-1.4311995677474011e-5,-4.582627011195951e-6
repair_support,1.0,IT,Other services,729,-2.1709646225165402e-5,-7.385434107609631e-5,5.412547854355417e-7
repair_support,1.0,IT,Trade,729,-1.7465150337070456e-5,-2.607853225589112e-5,-1.0048230425496796e-5
repair_support,1.0,PL,Basic metals,729,-1.1744642903161561e-5,-3.222959229676474e-5,-8.538478813387941e-8
repair_support,1.0,PL,Metal components,729,1.7308080302780476e-6,-7.342487917868785e-6,1.7075019720843704e-5
repair_support,1.0,PL,Other manufacturing,729,-5.6736945164285224e-5,-0.00011698037274410519,-2.1929116600373585e-5
repair_support,1.0,PL,Other services,729,-2.3027176521141113e-5,-3.579705271095364e-5,-1.8675260227143375e-5
repair_support,1.0,PL,Trade,729,-1.70227767215574e-5,-3.735732964084131e-5,-6.545405450975852e-6
repair_support,1.0,REU,Basic metals,729,-1.3744321791797705e-6,-2.0714940540678196e-6,-6.884871783796675e-7
repair_support,1.0,REU,Metal components,729,-9.60628743218455e-7,-2.1248039883126064e-6,2.706065926894096e-7
repair_support,1.0,REU,Other manufacturing,729,-3.2748057154918797e-6,-5.5673908594400245e-6,-1.7945207320124727e-6
repair_support,1.0,REU,Other services,729,-1.750449581949809e-5,-2.0290117319632373e-5,-1.5463603642018597e-5
repair_support,1.0,REU,Trade,729,-1.359077590468161e-5,-1.7905264215745124e-5,-1.074116199317743e-5
repair_support,1.0,SK,Basic metals,729,-3.342310533521795e-5,-9.333858316853653e-5,-2.985797054437072e-7
repair_support,1.0,SK,Metal components,729,-6.159004088064075e-5,-0.00011666249887445279,-2.1437463937041008e-5
repair_support,1.0,SK,Other manufacturing,729,-8.048425679475271e-5,-0.00014771350939453618,-2.1197214650820284e-6
repair_support,1.0,SK,Other services,729,0.00018082690682666298,-1.0381522752559482e-6,0.0005598232818644476
repair_support,1.0,SK,Trade,729,-0.0004482447918669892,-0.0008788834940595538,-2.8102530409147626e-5
repair_support,2.0,DE,Basic metals,729,-2.8139066521337637e-6,-7.70233087310579e-6,-6.50283560332874e-7
repair_support,2.0,DE,Metal components,729,-8.56812526484034e-6,-1.9382346538864717e-5,-3.1317068827084764e-6
repair_support,2.0,DE,Other manufacturing,729,-1.2182946385053132e-5,-2.1442577891050987e-5,-7.464915041666136e-6
repair_support,2.0,DE,Other services,729,-5.397120055317119e-5,-6.0449836170040086e-5,-4.8810014519062874e-5
repair_support,2.0,DE,Trade,729,-2.4199718462458763e-5,-3.5429773725948026e-5,-1.591789935417866e-5
repair_support,2.0,FR,Basic metals,729,-9.82049284118907e-6,-3.200679956642586e-5,-5.705528050054109e-7
repair_support,2.0,FR,Metal components,729,-3.838187216942764e-5,-8.618540099370608e-5,-1.6576759476195843e-5
repair_support,2.0,FR,Other manufacturing,729,-8.30516755034872e-5,-0.000174813990339029,-3.7870192337585835e-5
repair_support,2.0,FR,Other services,729,-4.277541645336671e-5,-5.9441355182432506e-5,-3.5992396973938426e-5
repair_support,2.0,FR,Trade,729,-4.0567341341724085e-5,-7.421668501983466e-5,-2.225505582043046e-5
repair_support,2.0,IT,Basic metals,729,-4.757372928942424e-6,-1.3900900819345305e-5,-1.1745855399450932e-6
repair_support,2.0,IT,Metal components,729,-1.4144471927045962e-5,-2.254023149239555e-5,-6.626866067005033e-6
repair_support,2.0,IT,Other manufacturing,729,-1.8597713513646192e-5,-2.8865612944351022e-5,-8.963399988903926e-6
repair_support,2.0,IT,Other services,729,-4.909061822599987e-5,-0.00012691904227590827,-6.798140417263464e-6
repair_support,2.0,IT,Trade,729,-3.38855984272081e-5,-5.065398765991022e-5,-2.3539742577405422e-5
repair_support,2.0,PL,Basic metals,729,-2.1178611809632513e-5,-7.652141705067092e-5,-1.350799172588636e-6
repair_support,2.0,PL,Metal components,729,3.9930934226584106e-6,-1.4699597606187464e-5,4.1677061769224976e-5
repair_support,2.0,PL,Other manufacturing,729,-0.00011804806654414657,-0.00025234980077784775,-5.53244188128473e-5
repair_support,2.0,PL,Other services,729,-5.6639445611410304e-5,-0.0001083364321696859,-4.281372185666673e-5
repair_support,2.0,PL,Trade,729,-5.071061264239775e-5,-0.00010760211889284246,-2.6414895615281985e-5
repair_support,2.0,REU,Basic metals,729,-3.0782823401409845e-6,-4.581219303911869e-6,-1.555801887320744e-6
repair_support,2.0,REU,Metal components,729,-1.4843447693202416e-6,-3.7513199213634624e-6,1.3844484891833958e-6
repair_support,2.0,REU,Other manufacturing,729,-6.483436321147451e-6,-1.1229743290819272e-5,-3.622476529852038e-6
repair_support,2.0,REU,Other services,729,-3.6299611572143675e-5,-4.122870332912143e-5,-3.192914659333468e-5
repair_support,2.0,REU,Trade,729,-2.71808854757083e-5,-3.453851527002172e-5,-2.2466486016003987e-5
repair_support,2.0,SK,Basic metals,729,-6.119316414994889e-5,-0.00022119384740470753,-2.8185303652976738e-6
repair_support,2.0,SK,Metal components,729,-0.00014461145206743774,-0.0002507888090232714,-5.56285882821114e-5
repair_support,2.0,SK,Other manufacturing,729,-0.00012182332214591678,-0.00027118005464493543,1.9187290812264834e-5
repair_support,2.0,SK,Other services,729,0.00035808906665460796,1.7535703200541617e-5,0.0010528441122045196
repair_support,2.0,SK,Trade,729,-0.0011074001817147209,-0.001910711185771434,-0.00021772920739536274
reuse_support,0.25,DE,Basic metals,729,-2.050646152884798e-5,-6.896265919432344e-5,1.1154731582864437e-6
reuse_support,0.25,DE,Metal components,729,-6.732473417647582e-5,-0.00021242051531089045,-3.439573843521513e-5
reuse_support,0.25,DE,Other manufacturing,729,-7.090072222659674e-5,-0.00014900985610966094,-3.096393237367328e-5
reuse_support,0.25,DE,Other services,729,-0.00026402156937388476,-0.0002918448765654171,-0.0002299161852348242
reuse_support,0.25,DE,Trade,729,-0.00023524632295490768,-0.00033153337958280476,-0.00018996050346054027
reuse_support,0.25,FR,Basic metals,729,-8.262991618757021e-5,-0.0002912448336622573,9.86010469944626e-6
reuse_support,0.25,FR,Metal components,729,-0.0002970000270831574,-0.0007155850008211866,-0.00012213567780471486
reuse_support,0.25,FR,Other manufacturing,729,-0.0004945815743728814,-0.0010760176984869778,-0.00016028914552324177
reuse_support,0.25,FR,Other services,729,-8.764510327496927e-5,-0.00011129008984367422,-7.324168582734106e-5
reuse_support,0.25,FR,Trade,729,-0.00013089492482132347,-0.00019822241582590004,-9.633846812517904e-5
reuse_support,0.25,IT,Basic metals,729,-3.4779596636111075e-5,-0.00011743263261828597,1.1489361684294091e-6
reuse_support,0.25,IT,Metal components,729,-9.240838172440987e-5,-0.00012800781113986152,-7.44522461126822e-5
reuse_support,0.25,IT,Other manufacturing,729,-7.593075568301824e-5,-0.00015940240160050622,-1.2663601178797315e-5
reuse_support,0.25,IT,Other services,729,-0.00012426924124175917,-0.0005367902877972963,0.000270277861424973
reuse_support,0.25,IT,Trade,729,-8.376707455459772e-5,-0.0001935072390435461,6.267353307443122e-5
reuse_support,0.25,PL,Basic metals,729,-0.0001943664429598492,-0.0007089915687407068,3.522836452760456e-5
reuse_support,0.25,PL,Metal components,729,3.4385053316658174e-5,-0.0001377914079540882,0.0004077083777599159
reuse_support,0.25,PL,Other manufacturing,729,-0.0007642051192082103,-0.0018407904554318985,-0.00021746945487736055
reuse_support,0.25,PL,Other services,729,-0.00015562512293289002,-0.00018261830482260038,-0.00014122349024648777
reuse_support,0.25,PL,Trade,729,-5.96222494708775e-5,-0.00013380965561141228,6.252022533016935e-6
reuse_support,0.25,REU,Basic metals,729,-1.3729342862589599e-5,-3.2820964990243326e-5,-6.526564721998098e-6
reuse_support,0.25,REU,Metal components,729,-6.6853483082773555e-6,-1.9003293005859255e-5,3.2354597334638366e-5
reuse_support,0.25,REU,Other manufacturing,729,-3.5851545121534656e-5,-6.690687867072498e-5,-1.885821622193973e-5
reuse_support,0.25,REU,Other services,729,-0.00014976520280596262,-0.00016702654292988228,-0.00013629674795456737
reuse_support,0.25,REU,Trade,729,-0.0001494613613983731,-0.0002320395986576962,-0.00013665216539449082
reuse_support,0.25,SK,Basic metals,729,-0.0005423431966898468,-0.002032661302879368,0.00010179793489540511
reuse_support,0.25,SK,Metal components,729,-0.0003796245662764814,-0.0008892959408687962,0.0009135875359092334
reuse_support,0.25,SK,Other manufacturing,729,0.0019139802052374393,-8.470941225376519e-5,0.005486695814653426
reuse_support,0.25,SK,Other services,729,-0.0007741611123934644,-0.001798291436620064,-0.00033656074078787783
reuse_support,0.25,SK,Trade,729,0.0005758654830546332,-0.008118496218449282,0.0036906684628773235
reuse_support,0.5,DE,Basic metals,729,-7.777817074839014e-5,-0.00021729675560024016,-5.134876412961566e-6
reuse_support,0.5,DE,Metal components,729,-0.00022554017137244375,-0.0005188274249556604,-9.183906802823264e-5
reuse_support,0.5,DE,Other manufacturing,729,-0.00015539137444564596,-0.00034037364544659015,-6.711432931627573e-5
reuse_support,0.5,DE,Other services,729,-0.0005183715941048386,-0.0005900666880886977,-0.00043489610306313164
reuse_support,0.5,DE,Trade,729,-0.00046827616381195386,-0.0006548407153306187,-0.0003550657344919555
reuse_support,0.5,FR,Basic metals,729,-0.00031635826854953177,-0.0009268538732655744,-1.7981978273179037e-5
reuse_support,0.5,FR,Metal components,729,-0.0009578538438525455,-0.002296478113129255,-0.00033638279270944396
reuse_support,0.5,FR,Other manufacturing,729,-0.0014747030386397305,-0.0036442961785398986,-0.00047490583808818134
reuse_support,0.5,FR,Other services,729,-0.00020130014160013595,-0.0003029723493530592,-0.00016659756424397575
reuse_support,0.5,FR,Trade,729,-0.00035028025662242715,-0.0006009300396958612,-0.0002664121084405841
reuse_support,0.5,IT,Basic metals,729,-0.00014150560810912086,-0.0003838907892246058,-1.48452237392116e-5
reuse_support,0.5,IT,Metal components,729,-0.00022916542602446232,-0.0004005684788421697,-0.0001728628478914063
reuse_support,0.5,IT,Other manufacturing,729,-0.00020940537233116248,-0.0003858765657116518,-5.746195467226674e-5
reuse_support,0.5,IT,Other services,729,-0.00018624817393897455,-0.0009946174376995755,0.0006708432434998641
reuse_support,0.5,IT,Trade,729,-0.00024258479515149153,-0.0005599410308754294,6.988500589333348e-5
reuse_support,0.5,PL,Basic metals,729,-0.0007309448789884779,-0.0022504733201397283,-1.9624658321769284e-5
reuse_support,0.5,PL,Metal components,729,0.00031907416936059334,-0.00022161670834629045,0.0014209591267805963
reuse_support,0.5,PL,Other manufacturing,729,-0.0022369482116314965,-0.005439421516706874,-0.0006680421058336803
reuse_support,0.5,PL,Other services,729,-0.00037353256878705905,-0.0004972437023354481,-0.0003171529251444849
reuse_support,0.5,PL,Trade,729,-0.00024465943859745,-0.00043438386236889916,-0.00012095238084432453
reuse_support,0.5,REU,Basic metals,729,-4.795736964213946e-5,-9.138218315385406e-5,-1.7417752973258973e-5
reuse_support,0.5,REU,Metal components,729,1.2938986437838182e-5,-3.1255958155007536e-5,0.00011426105579470609
reuse_support,0.5,REU,Other manufacturing,729,-7.859829949108388e-5,-0.00014012936294660605,-3.9064645829256506e-5
reuse_support,0.5,REU,Other services,729,-0.0002993427507647084,-0.0003378476948090459,-0.0002758143144210301
reuse_support,0.5,REU,Trade,729,-0.0003052810556680719,-0.0004508368642630601,-0.0002669643201613781
reuse_support,0.5,SK,Basic metals,729,-0.0020701684770895352,-0.006176161013677842,7.698618167011279e-6
reuse_support,0.5,SK,Metal components,729,0.0015581075323843794,-0.0011941277250950507,0.00844996752524101
reuse_support,0.5,SK,Other manufacturing,729,0.00900938907079325,0.002342328709653284,0.03016237040506242
reuse_support,0.5,SK,Other services,729,-0.0031160238595564363,-0.029534221872332688,-0.00042895309441139725
reuse_support,0.5,SK,Trade,729,-0.0008947591912012232,-0.017094321138714248,0.01030317852103054
reuse_support,1.0,DE,Basic metals,729,-0.00018407064131810186,-0.0004044626991439963,-1.4586795882289549e-5
reuse_support,1.0,DE,Metal components,729,-0.000627343639980609,-0.0010808073182877079,-0.00023548138015083624
reuse_support,1.0,DE,Other manufacturing,729,-0.00037210818175648086,-0.0006776717831114001,-0.0001630001891128608
reuse_support,1.0,DE,Other services,729,-0.001046439331986449,-0.0012105688387165085,-0.0008864459364765768
reuse_support,1.0,DE,Trade,729,-0.0009771551030102199,-0.001539301447339716,-0.0007100799737758122
reuse_support,1.0,FR,Basic metals,729,-0.0008593017311862654,-0.0017534089121066308,-0.00012445631741952366
reuse_support,1.0,FR,Metal components,729,-0.0024100943902156725,-0.004548520148795215,-0.0007503459887648327
reuse_support,1.0,FR,Other manufacturing,729,-0.003700542322016009,-0.007189819511455043,-0.0011888469991006034
reuse_support,1.0,FR,Other services,729,-0.0004526974816565502,-0.0007860807613280236,-0.0003556231087831209
reuse_support,1.0,FR,Trade,729,-0.0007845937071593332,-0.0016508697910144817,-0.0005773006524378856
reuse_support,1.0,IT,Basic metals,729,-0.0003728221832483511,-0.0007349367985426119,-7.716352264947229e-5
reuse_support,1.0,IT,Metal components,729,-0.0005195062938723,-0.0009410026355349433,-0.00035422331738919633
reuse_support,1.0,IT,Other manufacturing,729,-0.0004307106704071207,-0.0009158308332479777,-0.00013004115295700599
reuse_support,1.0,IT,Other services,729,-0.00020849394949396002,-0.0017551224467116124,0.002059175341806446
reuse_support,1.0,IT,Trade,729,-0.0005643507676733636,-0.0013760056838063672,-1.7173762478783856e-5
reuse_support,1.0,PL,Basic metals,729,-0.001971095867180938,-0.0041999395880808355,-0.00022941427878482755
reuse_support,1.0,PL,Metal components,729,0.0008641156760750602,-0.00034015087736298543,0.002617794318602851
reuse_support,1.0,PL,Other manufacturing,729,-0.005546906607346651,-0.010606373097632911,-0.0016832552260815734
reuse_support,1.0,PL,Other services,729,-0.0007780550126513359,-0.0012942221787161166,-0.0006567755230669211
reuse_support,1.0,PL,Trade,729,-0.0006301762753070445,-0.001600880259023081,-0.00038715030564744437
reuse_support,1.0,REU,Basic metals,729,-0.00011093551077756444,-0.0001775229756417773,-4.033467561059887e-5
reuse_support,1.0,REU,Metal components,729,6.46664678249919e-5,-4.272544199546184e-5,0.00024386342556415014
reuse_support,1.0,REU,Other manufacturing,729,-0.0001733556698968464,-0.00027087463206898477,-8.968817569732225e-5
reuse_support,1.0,REU,Other services,729,-0.0006009778911408858,-0.000682709176891283,-0.0005474327414711766
reuse_support,1.0,REU,Trade,729,-0.0006074209650597242,-0.0009224218533665511,-0.0004865971497625134
reuse_support,1.0,SK,Basic metals,729,-0.00539425992015431,-0.011733311396311891,-0.0004171494048611497
reuse_support,1.0,SK,Metal components,729,0.003888860754848582,-0.00160436388532224,0.017746807000819594
reuse_support,1.0,SK,Other manufacturing,729,0.026133720639795386,0.004397243377589618,0.06440130402512845
reuse_support,1.0,SK,Other services,729,-0.02518054257401945,-0.09295785961963239,-0.004394282603508047
reuse_support,1.0,SK,Trade,729,-0.0043898928183101135,-0.030453618742550457,0.026682709132436387
reuse_support,2.0,DE,Basic metals,729,-0.00031328994172250994,-0.0007273168584399126,-2.667137368739503e-5
reuse_support,2.0,DE,Metal components,729,-0.0011471733536772037,-0.002069119621461657,-0.0005065533533743487
reuse_support,2.0,DE,Other manufacturing,729,-0.0007296834917402963,-0.0013131776898211995,-0.0003707643586481349
reuse_support,2.0,DE,Other services,729,-0.0021913590189326375,-0.0027451157043723046,-0.001836506499353075
reuse_support,2.0,DE,Trade,729,-0.002327063330231917,-0.0034169930589578227,-0.0015254270251063877
reuse_support,2.0,FR,Basic metals,729,-0.0014838290325064677,-0.003353200648184243,-0.00024083836222122643
reuse_support,2.0,FR,Metal components,729,-0.004358744796374493,-0.0084963454273775,-0.0015065954234507381
reuse_support,2.0,FR,Other manufacturing,729,-0.006700778011581354,-0.013369621358749825,-0.002623297644044346
reuse_support,2.0,FR,Other services,729,-0.0010537612721628349,-0.0018122177748436394,-0.0007599280569481342
reuse_support,2.0,FR,Trade,729,-0.0019549118905115605,-0.003958243226842596,-0.0011965222504017915
reuse_support,2.0,IT,Basic metals,729,-0.0007003110228291658,-0.0015019700907139301,-0.00017964928321654867
reuse_support,2.0,IT,Metal components,729,-0.0010820793993837304,-0.0018173879789531594,-0.0007037047073610087
reuse_support,2.0,IT,Other manufacturing,729,-0.0008872790426273113,-0.0018241665889595655,-0.0002894021599808569
reuse_support,2.0,IT,Other services,729,-0.0003601229380034718,-0.003051353246619213,0.006293069484264457
reuse_support,2.0,IT,Trade,729,-0.0013635849077098337,-0.00395874887914041,-0.0002621894229837312
reuse_support,2.0,PL,Basic metals,729,-0.003486740655789657,-0.007890092194841342,-0.000507550045152369
reuse_support,2.0,PL,Metal components,729,0.0013624402597337856,-0.0006170577419196113,0.004528006990792393
reuse_support,2.0,PL,Other manufacturing,729,-0.009768864488413631,-0.019004214777597138,-0.0036369022105691633
reuse_support,2.0,PL,Other services,729,-0.0016194773162727383,-0.003097823594822272,-0.0013427649961929545
reuse_support,2.0,PL,Trade,729,-0.0014646529544417,-0.003853784925790378,-0.000884589625993566
reuse_support,2.0,REU,Basic metals,729,-0.00020509725375817783,-0.00035400896195581286,-8.41334504064769e-5
reuse_support,2.0,REU,Metal components,729,0.00011334730657397484,-6.454928328514244e-5,0.0004730848888412358
reuse_support,2.0,REU,Other manufacturing,729,-0.0003266220560460553,-0.0005399111543291646,-0.0001780451360899882
reuse_support,2.0,REU,Other services,729,-0.0011901704985661787,-0.0013724640530288212,-0.001050498510701825
reuse_support,2.0,REU,Trade,729,-0.0011949012302836517,-0.001825594488580329,-0.000955149917025722
reuse_support,2.0,SK,Basic metals,729,-0.009472827798753488,-0.021031528415469545,-0.001144284523193334
reuse_support,2.0,SK,Metal components,729,0.004946343542934256,-0.003403336798509024,0.02954515994497248
reuse_support,2.0,SK,Other manufacturing,729,0.043498139870842736,0.007309063388756462,0.11672483652743718
reuse_support,2.0,SK,Other services,729,-0.10032144181465072,-0.22042825877818334,-0.02761064152224436
reuse_support,2.0,SK,Trade,729,-0.009674476895132837,-0.06454494315067996,0.050226406046792335
virgin_metal_tax,0.25,DE,Basic metals,729,-2.5450134777396134e-6,-8.37728000302537e-6,1.0996653032614643e-6
virgin_metal_tax,0.25,DE,Metal components,729,-5.237171363248048e-6,-3.2935279381528954e-5,-1.4615819665663654e-7
virgin_metal_tax,0.25,DE,Other manufacturing,729,-1.7459023282651045e-5,-4.196373433185132e-5,-6.390855844529145e-6
virgin_metal_tax,0.25,DE,Other services,729,8.65259107696304e-6,-3.7307082634274756e-5,5.419312506527165e-5
virgin_metal_tax,0.25,DE,Trade,729,3.9944563079430504e-5,-9.098623854342248e-7,6.879962508588037e-5
virgin_metal_tax,0.25,FR,Basic metals,729,-1.4742274734388362e-6,-1.2832249785060703e-5,3.367227430236659e-6
virgin_metal_tax,0.25,FR,Metal components,729,-3.86761795922997e-6,-2.8884489977628312e-5,3.3501556639949295e-6
virgin_metal_tax,0.25,FR,Other manufacturing,729,-2.1296918872870724e-5,-4.797635475561933e-5,-7.345731856123216e-6
virgin_metal_tax,0.25,FR,Other services,729,-3.153765458785431e-5,-6.78610696414062e-5,-1.4873476450461005e-6
virgin_metal_tax,0.25,FR,Trade,729,-1.779819531755328e-5,-8.376152252909146e-5,1.3975561341528249e-5
virgin_metal_tax,0.25,IT,Basic metals,729,-1.338378063933114e-6,-8.357189595922446e-6,3.1353255880490313e-6
virgin_metal_tax,0.25,IT,Metal components,729,-2.3768726209460916e-6,-1.9408505624876665e-5,2.551796818295138e-6
virgin_metal_tax,0.25,IT,Other manufacturing,729,-5.073708186920116e-6,-1.4714650742320217e-5,1.6980616590611722e-5
virgin_metal_tax,0.25,IT,Other services,729,-0.0002860523848235989,-0.0005792681237570826,-0.00016730057366132247
virgin_metal_tax,0.25,IT,Trade,729,0.00019407549152195127,0.00015867914268108546,0.00022331181404045092
virgin_metal_tax,0.25,PL,Basic metals,729,-2.4584082104492476e-6,-2.641098146992946e-5,-6.464709656825419e-7
virgin_metal_tax,0.25,PL,Metal components,729,-1.448849454891679e-5,-2.5501319678665486e-5,-1.8915320532615686e-6
virgin_metal_tax,0.25,PL,Other manufacturing,729,-0.00011175633602978363,-0.00018197894932070935,-7.667552982538403e-5
virgin_metal_tax,0.25,PL,Other services,729,8.522505184905725e-5,-2.9648247057425477e-5,0.0001509822438516963
virgin_metal_tax,0.25,PL,Trade,729,-8.418628656416228e-5,-0.00022757299181777312,4.931776393935764e-5
virgin_metal_tax,0.25,REU,Basic metals,729,1.751698452956429e-7,-1.0097630265271285e-5,4.774217499115028e-6
virgin_metal_tax,0.25,REU,Metal components,729,-6.099632710032663e-6,-1.7008586206124194e-5,-8.216161972995883e-7
virgin_metal_tax,0.25,REU,Other manufacturing,729,-3.733781377412982e-5,-7.491715159346768e-5,-1.5005209830221137e-5
virgin_metal_tax,0.25,REU,Other services,729,-2.306229476278787e-5,-5.6301663009517e-5,4.1078693358009843e-5
virgin_metal_tax,0.25,REU,Trade,729,6.128684677531028e-5,9.96493383365049e-6,0.00011417381698963781
virgin_metal_tax,0.25,SK,Basic metals,729,-3.3128042539776216e-6,-7.397210090537836e-5,-1.1646830168821026e-7
virgin_metal_tax,0.25,SK,Metal components,729,1.258563217837881e-5,-3.535226026276687e-5,0.00013182777460769274
virgin_metal_tax,0.25,SK,Other manufacturing,729,4.599371542643631e-5,-2.8275167075151168e-5,0.0005747258955910428
virgin_metal_tax,0.25,SK,Other services,729,-0.0016262937027757445,-0.003354665373103578,-0.0008636287176491195
virgin_metal_tax,0.25,SK,Trade,729,-0.0025600393109743574,-0.005401326318157907,-0.0007111971675245379
virgin_metal_tax,0.5,DE,Basic metals,729,-2.1743619138538698e-5,-0.00011762749693168485,-1.9756095648308762e-7
virgin_metal_tax,0.5,DE,Metal components,729,-4.263197759257599e-5,-0.000330084419164475,-1.9857023803026594e-7
virgin_metal_tax,0.5,DE,Other manufacturing,729,-6.350801021737246e-5,-0.0004064553856153458,-1.1654042220143882e-5
virgin_metal_tax,0.5,DE,Other services,729,1.843763873798922e-5,-0.0001095427378472458,0.00013773992025845066
virgin_metal_tax,0.5,DE,Trade,729,0.00010121416705866091,-3.72210489207881e-5,0.00023161882860556245
virgin_metal_tax,0.5,FR,Basic metals,729,-5.073882386491198e-5,-0.00038163216797995874,1.0436581932050173e-6
virgin_metal_tax,0.5,FR,Metal components,729,-6.569972120784194e-5,-0.0009493664710147912,8.187839428686625e-6
virgin_metal_tax,0.5,FR,Other manufacturing,729,-0.00011002853358421813,-0.001551005916522467,-1.6728790930287207e-5
virgin_metal_tax,0.5,FR,Other services,729,-6.453162646469237e-5,-0.00019551709794507496,1.584612687732802e-5
virgin_metal_tax,0.5,FR,Trade,729,-0.0001013673125549454,-0.0003546859719483221,-7.490835052248474e-6
virgin_metal_tax,0.5,IT,Basic metals,729,-2.612508529513321e-5,-0.0001955187571849741,1.7537262864170387e-6
virgin_metal_tax,0.5,IT,Metal components,729,-6.874728752936466e-6,-0.00019010876589620218,2.531097824665008e-5
virgin_metal_tax,0.5,IT,Other manufacturing,729,-1.3723057112891035e-5,-0.0001812338649709318,6.555716005607363e-5
virgin_metal_tax,0.5,IT,Other services,729,-0.0008747448648205326,-0.0024199910598876654,-0.0003283914082996557
virgin_metal_tax,0.5,IT,Trade,729,0.0004087585598333575,0.00028524086181924864,0.0007848489764428249
virgin_metal_tax,0.5,PL,Basic metals,729,-0.00012367536204581323,-0.0009549745395443207,-2.9947249348316973e-6
virgin_metal_tax,0.5,PL,Metal components,729,5.041879580597052e-5,-3.3690837631832735e-5,0.0005089069692318461
virgin_metal_tax,0.5,PL,Other manufacturing,729,-0.00045560326252815206,-0.00310076714072917,-0.00019008878607844622
virgin_metal_tax,0.5,PL,Other services,729,0.00023024612435530907,-5.040323158845285e-6,0.00035172265318021137
virgin_metal_tax,0.5,PL,Trade,729,-1.2503622148775444e-5,-0.00029346945843449667,0.0002633365830285083
virgin_metal_tax,0.5,REU,Basic metals,729,-7.236456223136459e-6,-4.7004019276822345e-5,7.484344721753215e-6
virgin_metal_tax,0.5,REU,Metal components,729,-1.84477754738843e-5,-8.575658776432968e-5,6.743314573398589e-7
virgin_metal_tax,0.5,REU,Other manufacturing,729,-0.00018696922114980197,-0.0005409392835886706,-6.149289666357305e-5
virgin_metal_tax,0.5,REU,Other services,729,0.00012494417680475323,-8.654244277872536e-5,0.0004500426001863289
virgin_metal_tax,0.5,REU,Trade,729,2.706230207705219e-5,-0.00039351276172050465,0.00016773694953009518
virgin_metal_tax,0.5,SK,Basic metals,729,-0.0003133397778879191,-0.002189810537674377,-9.33664616847967e-6
virgin_metal_tax,0.5,SK,Metal components,729,0.0006779065039853343,-2.530766419416521e-5,0.004098961448919854
virgin_metal_tax,0.5,SK,Other manufacturing,729,0.001751887086075834,-3.8975722139737784e-5,0.008788313242432285
virgin_metal_tax,0.5,SK,Other services,729,-0.010129446988073778,-0.07115235630147806,-0.0032422264867949945
virgin_metal_tax,0.5,SK,Trade,729,-0.015326334997956916,-0.06236044813655579,-0.004017527739625033
virgin_metal_tax,1.0,DE,Basic metals,729,-9.017005400125666e-5,-0.0002655156395415568,-1.4165019324165136e-5
virgin_metal_tax,1.0,DE,Metal components,729,-0.00017079401324337582,-0.0007150838093661326,1.625189436360535e-5
virgin_metal_tax,1.0,DE,Other manufacturing,729,-0.00021522682442931548,-0.0011259848204381322,-2.5188477970061754e-5
virgin_metal_tax,1.0,DE,Other services,729,6.4060188820214205e-6,-0.00038366623023033974,0.0002996262890353486
virgin_metal_tax,1.0,DE,Trade,729,0.00019455888322639247,-0.0002849483024869319,0.0004804768260702204
virgin_metal_tax,1.0,FR,Basic metals,729,-0.00022557101213695375,-0.0009186090328122136,-3.101837587905556e-5
virgin_metal_tax,1.0,FR,Metal components,729,-0.0003392716962702552,-0.002180647379479365,0.00012105910711658895
virgin_metal_tax,1.0,FR,Other manufacturing,729,-0.0007228627947220042,-0.004863101204155572,-9.079698248815079e-5
virgin_metal_tax,1.0,FR,Other services,729,-9.326666324804841e-5,-0.0004938808210286369,0.00010986313807581647
virgin_metal_tax,1.0,FR,Trade,729,-0.00026327087073729815,-0.0012169625350000343,-5.414521414559583e-5
virgin_metal_tax,1.0,IT,Basic metals,729,-9.585943614464233e-5,-0.0004179571262095795,-9.412415857855376e-6
virgin_metal_tax,1.0,IT,Metal components,729,-7.810113855644134e-6,-0.00046074122531661473,0.0001354288281962747
virgin_metal_tax,1.0,IT,Other manufacturing,729,-4.6670237097146494e-5,-0.000782207913430089,0.00012693208749636764
virgin_metal_tax,1.0,IT,Other services,729,-0.002581203607776587,-0.006197332007207299,-0.0007137574073334831
virgin_metal_tax,1.0,IT,Trade,729,0.0007993329943278851,0.0003652912118012902,0.0013755381753743938
virgin_metal_tax,1.0,PL,Basic metals,729,-0.0005574221135539797,-0.002077899942313083,-9.03810826344407e-5
virgin_metal_tax,1.0,PL,Metal components,729,0.0003844413341888233,6.056424950551781e-6,0.0010713202630124347
virgin_metal_tax,1.0,PL,Other manufacturing,729,-0.0017652141709790866,-0.00763753592351121,-0.0005583372558515798
virgin_metal_tax,1.0,PL,Other services,729,0.00036958557211314377,-0.0001612898176350902,0.0006860112320762047
virgin_metal_tax,1.0,PL,Trade,729,-0.00013747996099324166,-0.0009184471470248164,0.0003406398591310762
virgin_metal_tax,1.0,REU,Basic metals,729,-1.596423672145529e-5,-0.00010645655869057134,1.5554264365391907e-5
virgin_metal_tax,1.0,REU,Metal components,729,-4.289948407620896e-5,-0.00020714784469966417,1.2263740956086598e-5
virgin_metal_tax,1.0,REU,Other manufacturing,729,-0.0006941292691964307,-0.0013831469823144538,-0.00026683826314100045
virgin_metal_tax,1.0,REU,Other services,729,0.0005712272031166421,2.2509948705007332e-5,0.0010990389525344924
virgin_metal_tax,1.0,REU,Trade,729,-0.00015593289407478397,-0.0008843306875783165,0.00030869936635813394
virgin_metal_tax,1.0,SK,Basic metals,729,-0.0014434524124815997,-0.005034304638187005,-0.00026765910520560704
virgin_metal_tax,1.0,SK,Metal components,729,0.003984722900500588,0.0006188709578923407,0.009576725790834089
virgin_metal_tax,1.0,SK,Other manufacturing,729,0.00634960387927254,0.0009717299843374088,0.023304571436768274
virgin_metal_tax,1.0,SK,Other services,729,-0.06617648129932736,-0.2704970300427523,-0.017608138598205245
virgin_metal_tax,1.0,SK,Trade,729,-0.0607060732311736,-0.19360565530910961,-0.026998882234208123
virgin_metal_tax,2.0,DE,Basic metals,719,-0.0001713869229203084,-0.0005864290602398947,-3.85644247591345e-5
virgin_metal_tax,2.0,DE,Metal components,719,-0.0003198982123309009,-0.0018208722289690719,5.69442096698385e-5
virgin_metal_tax,2.0,DE,Other manufacturing,719,-0.0005798872229512145,-0.0024555243723689566,-9.45176086841748e-5
virgin_metal_tax,2.0,DE,Other services,719,-0.0002841674394571393,-0.001464222878133637,0.00030904772444495526
virgin_metal_tax,2.0,DE,Trade,719,-4.5009404869844704e-5,-0.0015357532850202049,0.0006287971831719925
virgin_metal_tax,2.0,FR,Basic metals,719,-0.0003067293404280998,-0.0014566721973774924,-4.0559328462669494e-5
virgin_metal_tax,2.0,FR,Metal components,719,-0.00048199190368917143,-0.004125376322011752,0.00034239527159086243
virgin_metal_tax,2.0,FR,Other manufacturing,719,-0.0015353986267951992,-0.008656961423819661,-0.00024957873284159386
virgin_metal_tax,2.0,FR,Other services,719,-4.495745778987372e-5,-0.0007302648287577105,0.00034084943990597715
virgin_metal_tax,2.0,FR,Trade,719,-0.00046416848351604956,-0.0019245070606799357,-9.391620560683695e-5
virgin_metal_tax,2.0,IT,Basic metals,719,-0.0001447175008609666,-0.0008757911243566013,-1.057693748142948e-5
virgin_metal_tax,2.0,IT,Metal components,719,3.6574707973357117e-5,-0.0011270709434129558,0.0003433156365528606
virgin_metal_tax,2.0,IT,Other manufacturing,719,-0.00014697213993608617,-0.0015049577659187522,0.00023349441885534076
virgin_metal_tax,2.0,IT,Other services,719,-0.005472817890705977,-0.012000334084832944,-0.0015614108760608797
virgin_metal_tax,2.0,IT,Trade,719,0.0014612916575784743,0.0004918108681306649,0.002546020344612613
virgin_metal_tax,2.0,PL,Basic metals,719,-0.0007470257062473237,-0.003425990371910958,-0.00013150761672456703
virgin_metal_tax,2.0,PL,Metal components,719,0.0005993921408032008,9.955135682773578e-6,0.001431203545801942
virgin_metal_tax,2.0,PL,Other manufacturing,719,-0.004131437858912011,-0.014557808852513088,-0.001109669771343301
virgin_metal_tax,2.0,PL,Other services,719,0.0008905691477712701,-0.00024740056497887905,0.0014394853829259526
virgin_metal_tax,2.0,PL,Trade,719,-0.0003269102727854752,-0.001860706514300933,0.0005590400447675439
virgin_metal_tax,2.0,REU,Basic metals,719,-2.1799953275891983e-5,-0.00028454540741407273,3.2116548720484905e-5
virgin_metal_tax,2.0,REU,Metal components,719,-7.24307469557331e-5,-0.00046412336818235644,3.921013330687731e-5
virgin_metal_tax,2.0,REU,Other manufacturing,719,-0.0010688646458145714,-0.0023752941859467303,-0.00044250060431960675
virgin_metal_tax,2.0,REU,Other services,719,0.0010087976726635972,0.00011946412237229254,0.0017839957888288183
virgin_metal_tax,2.0,REU,Trade,719,-7.732071283239607e-5,-0.0012453131235379284,0.0008117687766928674
virgin_metal_tax,2.0,SK,Basic metals,719,-0.0021880871250071474,-0.008012649851744696,-0.0005294514730428083
virgin_metal_tax,2.0,SK,Metal components,719,0.006272053715043264,0.001508371478733262,0.01358414633489382
virgin_metal_tax,2.0,SK,Other manufacturing,719,0.009631223366793035,0.0011530063178635957,0.03101514647089898
virgin_metal_tax,2.0,SK,Other services,719,-0.18037556314418834,-0.4801209469167341,-0.06529651808972281
virgin_metal_tax,2.0,SK,Trade,719,-0.15090171639946823,-0.33807048968368136,-0.0643405607088477
