instrument,wedge_percent,region,factor_group,valid_parameter_configurations,median_utilisation_change_percentage_points,lower_quartile_utilisation_change_percentage_points,upper_quartile_utilisation_change_percentage_points
recycling_support,0.25,DE,Capital,729,-1.034334862204389e-6,-4.193476998981538e-6,6.514509154342818e-7
recycling_support,0.25,DE,Labour,729,-1.0287253715546285e-6,-3.695864903008328e-6,1.8388855993478614e-7
recycling_support,0.25,FR,Capital,729,-2.434588652899805e-6,-9.36006825380531e-6,1.7434802490612356e-7
recycling_support,0.25,FR,Labour,729,-4.9188563888691306e-6,-1.2592837439484583e-5,-5.404684366716594e-7
recycling_support,0.25,IT,Capital,729,-1.678546415195825e-5,-2.849877226429598e-5,-4.183718993466812e-6
recycling_support,0.25,IT,Labour,729,-3.132137504913146e-6,-1.807766031314273e-5,4.148827836836233e-7
recycling_support,0.25,PL,Capital,729,-1.8316190475431426e-5,-4.4659356579490606e-5,-5.4968788631981624e-6
recycling_support,0.25,PL,Labour,729,-4.478593118584229e-6,-1.7426356169192303e-5,-3.775625034840857e-7
recycling_support,0.25,REU,Capital,729,-6.087491177808602e-7,-2.3883366062626976e-6,2.712355451350845e-7
recycling_support,0.25,REU,Labour,729,3.6197915775915135e-7,-3.5064187109412615e-7,9.386544208567216e-7
recycling_support,0.25,SK,Capital,729,-1.8837122561787822e-5,-4.45089013201283e-5,-7.2391247996073105e-6
recycling_support,0.25,SK,Labour,729,-2.610966287619476e-5,-8.031118631235401e-5,-1.0040415221457266e-5
recycling_support,0.5,DE,Capital,729,-1.4779239831952395e-6,-6.964890930660772e-6,3.0796404315580617e-7
recycling_support,0.5,DE,Labour,729,-6.531892804417794e-7,-5.274231540397523e-6,5.096990385311528e-7
recycling_support,0.5,FR,Capital,729,-9.751977370076048e-6,-2.4563082035022887e-5,-1.714061370616804e-6
recycling_support,0.5,FR,Labour,729,-6.752596981574044e-6,-1.7860868795072093e-5,-9.689322566508451e-7
recycling_support,0.5,IT,Capital,729,-2.528004906521275e-5,-4.3509997460500216e-5,-7.191318951438319e-6
recycling_support,0.5,IT,Labour,729,-3.7051886780936627e-6,-2.5270591708093093e-5,3.129491554787478e-7
recycling_support,0.5,PL,Capital,729,-3.5093990891077453e-5,-0.00010165953919782922,-1.0443625730882644e-5
recycling_support,0.5,PL,Labour,729,-2.9527593592426626e-6,-2.735057815783648e-5,1.0755070167789427e-7
recycling_support,0.5,REU,Capital,729,-1.7380333727778918e-6,-5.182214224408455e-6,6.41272146495453e-8
recycling_support,0.5,REU,Labour,729,4.3923186199279485e-7,-1.4410368009976082e-6,9.208704909724474e-7
recycling_support,0.5,SK,Capital,729,-2.998445276514161e-5,-0.000136675240869355,-6.987330292140825e-6
recycling_support,0.5,SK,Labour,729,-6.409910745519554e-5,-0.0003465854058082307,-1.4090236766239883e-5
recycling_support,1.0,DE,Capital,729,-1.0230032931879407e-6,-7.984939931482415e-6,3.6940280834230066e-7
recycling_support,1.0,DE,Labour,729,-9.113320542653014e-7,-1.1178598258165806e-5,5.352684628867621e-7
recycling_support,1.0,FR,Capital,729,-2.8864463919031635e-5,-5.94307051793308e-5,-6.2543270340498225e-6
recycling_support,1.0,FR,Labour,729,-2.4562246458970094e-6,-1.546207675229283e-5,1.3197259951525098e-7
recycling_support,1.0,IT,Capital,729,-1.3698521150740106e-5,-3.576126945681324e-5,-2.703142432114447e-6
recycling_support,1.0,IT,Labour,729,-5.21688835464218e-6,-3.5912035578622437e-5,4.3532710769511596e-8
recycling_support,1.0,PL,Capital,729,-3.8529941959186687e-5,-0.00011491978645361556,-8.163497378088636e-6
recycling_support,1.0,PL,Labour,729,-3.4527688486107877e-6,-2.3915722924261473e-5,-4.262912245422967e-8
recycling_support,1.0,REU,Capital,729,-1.1452961579117016e-6,-8.097312265142875e-6,4.728336056025739e-7
recycling_support,1.0,REU,Labour,729,2.609938931641409e-7,-2.082468097963641e-6,7.81928555237954e-7
recycling_support,1.0,SK,Capital,729,-4.272341012079295e-5,-0.0002525866104163832,-9.269148781854142e-6
recycling_support,1.0,SK,Labour,729,-0.0001674261965955992,-0.0023362786731428997,-1.9849533561266952e-5
recycling_support,2.0,DE,Capital,729,-8.850189581188772e-7,-1.0777438996800726e-5,4.540431586264049e-7
recycling_support,2.0,DE,Labour,729,-2.26005389958317e-6,-1.891574699097731e-5,2.2158140877692745e-7
recycling_support,2.0,FR,Capital,729,-7.976573670465115e-5,-0.0001628609124337821,-3.126456361579599e-5
recycling_support,2.0,FR,Labour,729,-1.1434134639110027e-6,-1.4069180276354842e-5,4.1272757433929996e-7
recycling_support,2.0,IT,Capital,729,-5.7713293921679565e-6,-3.747701343703724e-5,-2.5521484925405957e-8
recycling_support,2.0,IT,Labour,729,-1.810166806448521e-5,-8.225851331200573e-5,-8.107277293945003e-7
recycling_support,2.0,PL,Capital,729,-2.1474551736844205e-5,-0.00015896073397581034,-3.1297544111907882e-6
recycling_support,2.0,PL,Labour,729,-4.983593371310491e-6,-3.3679349509263545e-5,-2.734924509084635e-7
recycling_support,2.0,REU,Capital,729,-7.158986070621154e-7,-1.3361445538873085e-5,5.715891759905389e-7
recycling_support,2.0,REU,Labour,729,-1.586285991450609e-7,-5.469914732270098e-6,6.436100985496296e-7
recycling_support,2.0,SK,Capital,729,-5.309654415031062e-5,-0.0005849417955450242,-9.66748877617718e-6
recycling_support,2.0,SK,Labour,729,-0.0015808824866181403,-0.009123703999969202,-4.923697617398304e-5
refurbishment_support,0.25,DE,Capital,729,-9.265809819414272e-6,-5.077723362889586e-5,5.056054575014457e-7
refurbishment_support,0.25,DE,Labour,729,-3.162789063981819e-6,-2.476149721930554e-5,4.1243044535121953e-7
refurbishment_support,0.25,FR,Capital,729,-2.15207923259797e-5,-0.00016826620279353222,-4.206172188325752e-7
refurbishment_support,0.25,FR,Labour,729,-8.695999815788724e-5,-0.0002370320598688025,-8.490191216736775e-6
refurbishment_support,0.25,IT,Capital,729,-5.79097170216869e-6,-4.545483682782958e-5,3.3919207442778543e-7
refurbishment_support,0.25,IT,Labour,729,-1.0991630228218696e-5,-5.352036490657852e-5,-7.333639584494733e-7
refurbishment_support,0.25,PL,Capital,729,-1.259575296286286e-5,-0.00010907155347794628,-1.0159567298551053e-6
refurbishment_support,0.25,PL,Labour,729,-9.179290094696313e-6,-0.00012395935363729293,-6.085746351303101e-7
refurbishment_support,0.25,REU,Capital,729,-4.0628887953975124e-5,-0.00010313824050367515,-3.4549630711921964e-6
refurbishment_support,0.25,REU,Labour,729,-5.094704713659581e-6,-3.809992049630395e-5,5.571174299667803e-7
refurbishment_support,0.25,SK,Capital,729,-5.7300379630031983e-5,-0.001372655588915972,-3.6312509332780962e-6
refurbishment_support,0.25,SK,Labour,729,-0.00023872141950986858,-0.006302537837499234,-4.793388541646237e-6
refurbishment_support,0.5,DE,Capital,729,-2.5557362415273843e-5,-0.00013399371662226045,-6.77546119209893e-7
refurbishment_support,0.5,DE,Labour,729,-8.676406193508512e-6,-7.443927200201372e-5,-6.916178185711885e-7
refurbishment_support,0.5,FR,Capital,729,-0.00015451906426600104,-0.0005316634886010085,-4.223564831207227e-6
refurbishment_support,0.5,FR,Labour,729,-7.516255804418392e-5,-0.0003562122622868813,-6.168220423319326e-6
refurbishment_support,0.5,IT,Capital,729,-2.031163800486624e-5,-0.0002148374530053232,-8.897685033204539e-7
refurbishment_support,0.5,IT,Labour,729,-3.2605704547439274e-5,-0.00018681703574108255,-2.7631711141395954e-6
refurbishment_support,0.5,PL,Capital,729,-5.1356284280767994e-5,-0.0005635668647085978,-6.0585632066789685e-6
refurbishment_support,0.5,PL,Labour,729,-3.021745060838299e-5,-0.0005596768766658045,-3.5072874937647214e-6
refurbishment_support,0.5,REU,Capital,729,-6.380263687377763e-5,-0.00016976221139941572,-6.760453219456508e-6
refurbishment_support,0.5,REU,Labour,729,-5.526862834059898e-6,-4.4477638638795725e-5,6.067806812559695e-7
refurbishment_support,0.5,SK,Capital,729,-0.002382073495477144,-0.024603982607562802,-5.305724370963105e-5
refurbishment_support,0.5,SK,Labour,729,-0.006944335688874315,-0.04984154018264908,-0.00010343159464465401
refurbishment_support,1.0,DE,Capital,729,-9.65854125900556e-5,-0.0003218382897962613,-3.670482007223086e-6
refurbishment_support,1.0,DE,Labour,729,-2.959014414605221e-5,-0.00022475151186807096,-1.8958916547795468e-6
refurbishment_support,1.0,FR,Capital,729,-0.0003281663924270539,-0.000979781720766848,-2.4295663902940134e-5
refurbishment_support,1.0,FR,Labour,729,-9.430791204634303e-5,-0.0004942102644678315,-6.602950930467699e-6
refurbishment_support,1.0,IT,Capital,729,-8.248588898585041e-5,-0.0007344657064312088,-4.477816084591524e-6
refurbishment_support,1.0,IT,Labour,729,-0.00012501312018908806,-0.0005793488950134318,-8.477858193245424e-6
refurbishment_support,1.0,PL,Capital,729,-0.00016895800103444714,-0.0017894654315120384,-1.718017703655761e-5
refurbishment_support,1.0,PL,Labour,729,-0.00012320518310016126,-0.0013937613825287798,-1.116141884471844e-5
refurbishment_support,1.0,REU,Capital,729,-0.0001438874728032502,-0.00037411968450973276,-1.4386302282787256e-5
refurbishment_support,1.0,REU,Labour,729,-1.4420570737527783e-5,-0.00011700325003305423,9.697930014596068e-7
refurbishment_support,1.0,SK,Capital,729,-0.01275408249128418,-0.06478679212575944,-0.0006153554540366812
refurbishment_support,1.0,SK,Labour,729,-0.046292594709507195,-0.1412006209698169,-0.004124917180881038
refurbishment_support,2.0,DE,Capital,729,-0.00037619023069979107,-0.0013105717640460313,-2.543840308399936e-5
refurbishment_support,2.0,DE,Labour,729,-8.702349917344421e-5,-0.0004586743156620443,-7.204299123930724e-6
refurbishment_support,2.0,FR,Capital,729,-0.0009169552388499369,-0.0026584223215553315,-6.792160003321612e-5
refurbishment_support,2.0,FR,Labour,729,-0.00012493985188655188,-0.0009576486433182652,-7.899243914533116e-6
refurbishment_support,2.0,IT,Capital,729,-0.00029107927728144745,-0.0027273983075448704,-1.882630749072689e-5
refurbishment_support,2.0,IT,Labour,729,-0.000272221934849437,-0.0020317656772350645,-1.547048731342926e-5
refurbishment_support,2.0,PL,Capital,729,-0.0005343251185840892,-0.006467102732210517,-2.6552331899853954e-5
refurbishment_support,2.0,PL,Labour,729,-0.0002761528796302315,-0.003663682506582777,-1.5034370437483346e-5
refurbishment_support,2.0,REU,Capital,729,-0.00038183343730180397,-0.000905062438905091,-8.892693119655348e-5
refurbishment_support,2.0,REU,Labour,729,-4.627815812785485e-5,-0.0002760767325638014,1.2117499947894572e-5
refurbishment_support,2.0,SK,Capital,729,-0.02046146874749022,-0.10843200265220343,-0.0007885551295605531
refurbishment_support,2.0,SK,Labour,729,-0.14163084020731853,-0.3221189254993706,-0.03560464909537764
repair_support,0.25,DE,Capital,729,6.202061197946307e-7,-1.1643150110707268e-6,1.9223421077185776e-6
repair_support,0.25,DE,Labour,729,9.445511373051829e-7,7.297605963962894e-7,2.6543864439787512e-6
repair_support,0.25,FR,Capital,729,1.7587820089204342e-7,-1.6651351297802819e-6,1.821784334499199e-6
repair_support,0.25,FR,Labour,729,7.893127040858872e-7,2.712480906552628e-7,2.621156602877761e-6
repair_support,0.25,IT,Capital,729,6.823749121309675e-7,-9.479794060851532e-7,1.739098332009803e-6
repair_support,0.25,IT,Labour,729,2.650119013125618e-7,-1.6960813975508415e-6,1.2055242248898423e-6
repair_support,0.25,PL,Capital,729,8.10777578408306e-7,1.7103194416279166e-7,1.6612032416318812e-6
repair_support,0.25,PL,Labour,729,8.697690456749285e-7,1.8136515622657612e-7,1.887689771162826e-6
repair_support,0.25,REU,Capital,729,8.165957132710844e-7,6.397428142790318e-8,1.8269969315198864e-6
repair_support,0.25,REU,Labour,729,9.731810912683159e-7,5.662540436546237e-8,2.079025307466509e-6
repair_support,0.25,SK,Capital,729,-4.465078307092085e-8,-2.9820806934921507e-6,9.135216361144671e-7
repair_support,0.25,SK,Labour,729,-8.506116921935813e-8,-4.417852772498065e-6,8.494748793275164e-7
repair_support,0.5,DE,Capital,729,5.0463189182892165e-8,-3.047745522621881e-6,1.0124509675080162e-6
repair_support,0.5,DE,Labour,729,7.690227343815081e-7,-2.3019981476579687e-7,9.718681526216244e-7
repair_support,0.5,FR,Capital,729,-2.042888413988919e-6,-7.275497782011087e-6,9.431503467105529e-7
repair_support,0.5,FR,Labour,729,5.272365433128812e-7,-1.789213321945482e-6,9.420190516529203e-7
repair_support,0.5,IT,Capital,729,-6.581187816934175e-8,-7.075315866522658e-6,9.694375524560428e-7
repair_support,0.5,IT,Labour,729,-2.113248731561157e-6,-9.071930739956713e-6,6.251340889384949e-7
repair_support,0.5,PL,Capital,729,6.027996213298081e-7,-1.4524530245196843e-6,9.66644730926447e-7
repair_support,0.5,PL,Labour,729,7.226257814352266e-7,-9.962875857638664e-7,1.0019271634575944e-6
repair_support,0.5,REU,Capital,729,1.1084253515036835e-7,-1.515865255541371e-6,9.218841467983907e-7
repair_support,0.5,REU,Labour,729,7.432504278703789e-7,-9.7776100549396e-7,1.3614321336952173e-6
repair_support,0.5,SK,Capital,729,-2.9069270213177845e-6,-2.340701262815159e-5,7.760158848846288e-7
repair_support,0.5,SK,Labour,729,-6.032852417625634e-6,-4.273651462716188e-5,4.917332985243661e-7
repair_support,1.0,DE,Capital,729,-2.373242058428815e-6,-6.703995603096757e-6,8.275295670934213e-7
repair_support,1.0,DE,Labour,729,3.8246288358578795e-7,-2.632847695416274e-6,9.678391865719504e-7
repair_support,1.0,FR,Capital,729,-8.436765186470296e-6,-2.235487990276397e-5,-6.30320529104722e-7
repair_support,1.0,FR,Labour,729,-5.850011142172207e-7,-6.823925813304044e-6,8.069579116032344e-7
repair_support,1.0,IT,Capital,729,-2.240055230195992e-6,-2.095180857697443e-5,8.306838550353746e-7
repair_support,1.0,IT,Labour,729,-8.674915785711335e-6,-2.426449327019853e-5,-1.394270709997869e-6
repair_support,1.0,PL,Capital,729,-2.724124226194391e-6,-1.6822538884131433e-5,6.44119757531314e-7
repair_support,1.0,PL,Labour,729,-7.176108596240738e-7,-9.411431034500595e-6,8.070077162081191e-7
repair_support,1.0,REU,Capital,729,-6.017725207030367e-7,-3.7611948555671404e-6,9.413889223708338e-7
repair_support,1.0,REU,Labour,729,4.91094398480385e-7,-3.0898060776607394e-6,2.080992733688447e-6
repair_support,1.0,SK,Capital,729,-2.7713716133082045e-5,-0.00019964713133813206,-3.5671903320100284e-6
repair_support,1.0,SK,Labour,729,-5.5649553265535445e-5,-0.0004215730916912186,-4.005610598767362e-6
repair_support,2.0,DE,Capital,729,-6.456450818426163e-6,-1.3228046114033276e-5,-1.0568832475854606e-7
repair_support,2.0,DE,Labour,729,-4.714797219307343e-7,-1.0195206390228861e-5,9.325663352655056e-7
repair_support,2.0,FR,Capital,729,-2.317413732022544e-5,-5.571534722470517e-5,-8.369020454424003e-6
repair_support,2.0,FR,Labour,729,-4.798400199401698e-6,-2.1409856632015334e-5,3.226039324566443e-7
repair_support,2.0,IT,Capital,729,-8.464069356506343e-6,-3.3899489670918825e-5,-6.140552510913722e-8
repair_support,2.0,IT,Labour,729,-1.9625901281905556e-5,-4.943399064538667e-5,-6.618357861754021e-6
repair_support,2.0,PL,Capital,729,-2.0519506238603213e-5,-8.07942090674807e-5,-1.593649034958844e-6
repair_support,2.0,PL,Labour,729,-7.82301182722378e-6,-4.972739640063395e-5,1.0314198384264728e-7
repair_support,2.0,REU,Capital,729,-2.4783607055489654e-6,-7.82029090373726e-6,1.8720452743536953e-6
repair_support,2.0,REU,Labour,729,-5.464266039645338e-7,-6.074750413809227e-6,3.20823425603578e-6
repair_support,2.0,SK,Capital,729,-0.0001859117441438407,-0.0005155933839429139,-2.748642354832853e-5
repair_support,2.0,SK,Labour,729,-0.00035026053597508877,-0.0012223728260374322,-5.892119704364873e-5
reuse_support,0.25,DE,Capital,729,-1.1801200461292183e-6,-1.2620499778570604e-5,9.860787297810703e-7
reuse_support,0.25,DE,Labour,729,-1.8379435418047763e-6,-1.4968912798174472e-5,6.064152846541049e-7
reuse_support,0.25,FR,Capital,729,-1.7677556451989318e-5,-9.46607646712394e-5,-6.513188655077329e-7
reuse_support,0.25,FR,Labour,729,-2.2019252421401347e-6,-1.5483435433782944e-5,6.691078024978481e-7
reuse_support,0.25,IT,Capital,729,-4.38340090891387e-6,-3.571661999490772e-5,4.542821785413764e-7
reuse_support,0.25,IT,Labour,729,-2.487519054072962e-5,-0.00011128526882231426,-6.987950551540223e-7
reuse_support,0.25,PL,Capital,729,-1.4183324847927281e-6,-1.57819226687117e-5,3.9333045709355474e-7
reuse_support,0.25,PL,Labour,729,-1.8917745370217176e-6,-1.8304209670194638e-5,3.345743460059225e-7
reuse_support,0.25,REU,Capital,729,-1.987402542535932e-6,-1.3171044177529012e-5,8.289082087387101e-7
reuse_support,0.25,REU,Labour,729,-2.165344115123702e-6,-2.1050453202775543e-5,1.0182688692239594e-6
reuse_support,0.25,SK,Capital,729,-5.74591204616226e-6,-0.00042165016718165305,2.571914903271022e-7
reuse_support,0.25,SK,Labour,729,-2.1303892305812866e-5,-0.0021963326492513424,-3.716053020852428e-7
reuse_support,0.5,DE,Capital,729,-4.525323415993654e-6,-6.8235235495262e-5,6.68800592684704e-7
reuse_support,0.5,DE,Labour,729,-6.3367561864424715e-6,-5.89639889359006e-5,3.475077559045303e-7
reuse_support,0.5,FR,Capital,729,-0.00017463813642981663,-0.0004533615435620142,-9.180406412845343e-6
reuse_support,0.5,FR,Labour,729,-4.936665654042827e-6,-4.218294795688138e-5,7.483580866107786e-7
reuse_support,0.5,IT,Capital,729,-1.1726058923855476e-5,-0.00011049420550746092,1.4010287374688346e-7
reuse_support,0.5,IT,Labour,729,-3.243979943556852e-5,-0.000194712513579276,-1.121290804650954e-6
reuse_support,0.5,PL,Capital,729,-8.0542996938604e-6,-8.561556159580874e-5,-2.1792663229547315e-7
reuse_support,0.5,PL,Labour,729,-1.2345392608192896e-5,-0.00011345576581556216,-1.396138760156873e-7
reuse_support,0.5,REU,Capital,729,-2.3378404989671253e-6,-2.3061637088872544e-5,1.1807402056085436e-6
reuse_support,0.5,REU,Labour,729,-4.093968786200719e-6,-4.4275303856533554e-5,1.1745894368253573e-6
reuse_support,0.5,SK,Capital,729,-0.0003329799158069413,-0.022641405920598157,-3.0026939046301493e-6
reuse_support,0.5,SK,Labour,729,-0.0028380519007109584,-0.04371834058605195,-1.1776331798607487e-5
reuse_support,1.0,DE,Capital,729,-3.2824966100797326e-5,-0.00021176877326167798,-1.2513853286932886e-7
reuse_support,1.0,DE,Labour,729,-2.922413492312259e-5,-0.00018208444479972385,-1.1070720229433562e-6
reuse_support,1.0,FR,Capital,729,-0.0004761557610977185,-0.001439646483358814,-6.498101029484005e-5
reuse_support,1.0,FR,Labour,729,-1.4598143360800009e-5,-9.538425954636054e-5,7.443928806694089e-7
reuse_support,1.0,IT,Capital,729,-3.5013467569733336e-5,-0.0003648728240102095,-4.540443687695017e-7
reuse_support,1.0,IT,Labour,729,-5.2048422050088305e-5,-0.00034801472709178327,-3.1240151576739095e-6
reuse_support,1.0,PL,Capital,729,-5.458680188974441e-5,-0.0005022131852716605,-2.493547224258208e-6
reuse_support,1.0,PL,Labour,729,-3.693186410025362e-5,-0.0003754072042227996,-1.985116049318947e-6
reuse_support,1.0,REU,Capital,729,-8.625260750072528e-6,-8.144719211289342e-5,1.8053685213459403e-6
reuse_support,1.0,REU,Labour,729,-8.04812395616139e-6,-0.00010499243133788028,5.053952034650422e-6
reuse_support,1.0,SK,Capital,729,-0.0034878070451438425,-0.04750583237876915,-3.207002565730477e-5
reuse_support,1.0,SK,Labour,729,-0.04727621427368378,-0.15735786004528185,-0.0030915755685478885
reuse_support,2.0,DE,Capital,729,-0.00019496049981082564,-0.0010528645627116973,-1.7258776630058037e-7
reuse_support,2.0,DE,Labour,729,-9.301843437725665e-5,-0.0003589673917892,-4.1846314302596e-6
reuse_support,2.0,FR,Capital,729,-0.0013466570632392205,-0.0037735339047828553,-0.00038041651966302936
reuse_support,2.0,FR,Labour,729,-2.811614113751304e-5,-0.00018763259729270843,1.3968913914474967e-6
reuse_support,2.0,IT,Capital,729,-0.00014117901450116932,-0.0009579883613830553,-5.572622441274433e-6
reuse_support,2.0,IT,Labour,729,-8.188564846189905e-5,-0.0005590195829463518,-3.1305304126760802e-6
reuse_support,2.0,PL,Capital,729,-0.00021128016701732477,-0.0026103000757671246,-5.327440322222543e-6
reuse_support,2.0,PL,Labour,729,-0.00010926920734899426,-0.0011614859786512888,-3.2696003349208524e-6
reuse_support,2.0,REU,Capital,729,-3.5688209609752164e-5,-0.00024025621431222888,8.288849062676462e-6
reuse_support,2.0,REU,Labour,729,-2.818311971575227e-5,-0.00021183407085123562,1.8691341585608257e-5
reuse_support,2.0,SK,Capital,729,-0.015615386334077996,-0.11149520375690614,-0.00028444141073613594
reuse_support,2.0,SK,Labour,729,-0.16782038967344537,-0.40905848575141235,-0.046651431904687346
virgin_metal_tax,0.25,DE,Capital,729,-4.883456784510187e-5,-8.900103966036355e-5,-1.0873438838210348e-5
virgin_metal_tax,0.25,DE,Labour,729,-5.8107139910834604e-5,-0.00013098381947962423,-2.734007423788043e-5
virgin_metal_tax,0.25,FR,Capital,729,-6.340072188359969e-5,-0.00011995546504994792,-3.324752858580027e-5
virgin_metal_tax,0.25,FR,Labour,729,-5.546732129158016e-5,-0.00010448232563575743,-3.0285222063497486e-5
virgin_metal_tax,0.25,IT,Capital,729,-9.36846672794367e-5,-0.0001702723076424384,-5.777101913517768e-5
virgin_metal_tax,0.25,IT,Labour,729,-5.098442997786279e-5,-0.00013451130180808235,-2.051929821611509e-5
virgin_metal_tax,0.25,PL,Capital,729,-0.000338296666624327,-0.000560551088246708,-0.00014964586441124084
virgin_metal_tax,0.25,PL,Labour,729,-7.110326177839355e-5,-0.00021097120955770876,-1.1398708232857047e-5
virgin_metal_tax,0.25,REU,Capital,729,-7.221381618238709e-5,-0.00010948780742037201,-3.831665892350955e-5
virgin_metal_tax,0.25,REU,Labour,729,-2.8178066713291372e-5,-5.986305176008955e-5,2.049230185541262e-6
virgin_metal_tax,0.25,SK,Capital,729,-0.0007577790006929597,-0.001440727073998005,-0.0003767718111280516
virgin_metal_tax,0.25,SK,Labour,729,-0.0026830167651481496,-0.006104324730760169,-0.0013306263212609082
virgin_metal_tax,0.5,DE,Capital,729,-3.345606798266232e-5,-0.00014214508500254297,1.253876830142886e-5
virgin_metal_tax,0.5,DE,Labour,729,-7.524352588772487e-5,-0.00024122394279846304,-2.6826202592644677e-6
virgin_metal_tax,0.5,FR,Capital,729,-0.00015139097320204797,-0.00043974801039459166,-6.038218225423719e-5
virgin_metal_tax,0.5,FR,Labour,729,-8.61902101245704e-5,-0.00018507627215225142,-2.9476859453314574e-5
virgin_metal_tax,0.5,IT,Capital,729,-0.00018743377586671883,-0.00037280463949240783,-9.3857086025384e-5
virgin_metal_tax,0.5,IT,Labour,729,-0.000147034832287396,-0.00033974071432796293,-4.5531768977369325e-5
virgin_metal_tax,0.5,PL,Capital,729,-0.00045563013063576463,-0.0008344530156967345,-0.00019985785539855527
virgin_metal_tax,0.5,PL,Labour,729,-0.00020066661646778172,-0.0004589267664334429,-4.057891881403819e-5
virgin_metal_tax,0.5,REU,Capital,729,-0.00030557462430413906,-0.0009050733194237992,-0.00012945686354015606
virgin_metal_tax,0.5,REU,Labour,729,-9.167505466978199e-5,-0.00038221625520140634,-6.94396287137522e-6
virgin_metal_tax,0.5,SK,Capital,729,-0.0027587993507660613,-0.04074757367835691,-0.001007460307711483
virgin_metal_tax,0.5,SK,Labour,729,-0.01771844367424169,-0.1256129608862122,-0.0049823292686212994
virgin_metal_tax,1.0,DE,Capital,729,-7.025371316915496e-5,-0.00041982172244159344,2.8323089795723178e-5
virgin_metal_tax,1.0,DE,Labour,729,-0.00010180804878023864,-0.0005266439811690837,4.564690038177943e-5
virgin_metal_tax,1.0,FR,Capital,729,-0.0003887148045333966,-0.0015285112197838124,-0.00012772775540570436
virgin_metal_tax,1.0,FR,Labour,729,-0.0001436029723911325,-0.0002981080300168415,-4.106271099812986e-5
virgin_metal_tax,1.0,IT,Capital,729,-0.0005097725088165639,-0.0011283941694029131,-0.00026177053661369243
virgin_metal_tax,1.0,IT,Labour,729,-0.00042711318293253697,-0.0007955927727842926,-0.00020430173065522084
virgin_metal_tax,1.0,PL,Capital,729,-0.0009039300998159305,-0.0019210293521143562,-0.0004385045733190651
virgin_metal_tax,1.0,PL,Labour,729,-0.0004969925558762078,-0.0009270754584456142,-0.00023833014101137806
virgin_metal_tax,1.0,REU,Capital,729,-0.0011899858376573924,-0.00208708157154458,-0.0005232895555984385
virgin_metal_tax,1.0,REU,Labour,729,-0.00031463491533267884,-0.0008774876218531347,-1.774534120757565e-5
virgin_metal_tax,1.0,SK,Capital,729,-0.029262992340972627,-0.168496381816996,-0.0034600968749298744
virgin_metal_tax,1.0,SK,Labour,729,-0.11083103985757292,-0.42868478298055956,-0.03179418416000557
virgin_metal_tax,2.0,DE,Capital,719,-0.00037729331130442745,-0.001520321380171774,-3.299266941869661e-5
virgin_metal_tax,2.0,DE,Labour,719,-0.00032728568974960126,-0.0013157317565182236,3.262069445120197e-5
virgin_metal_tax,2.0,FR,Capital,719,-0.0008129599796902198,-0.0026851604082500646,-0.0002391249832978115
virgin_metal_tax,2.0,FR,Labour,719,-0.00017921026717049315,-0.00046484354212505963,-2.8595955403609707e-5
virgin_metal_tax,2.0,IT,Capital,719,-0.0011793771262369468,-0.0026110907304477404,-0.00047953854491189496
virgin_metal_tax,2.0,IT,Labour,719,-0.000922343400444614,-0.002198478754394939,-0.00042027269509525844
virgin_metal_tax,2.0,PL,Capital,719,-0.0019042792136603204,-0.0038655102585993806,-0.0008461663207059988
virgin_metal_tax,2.0,PL,Labour,719,-0.0008291210108701819,-0.0018393049744824808,-0.00043129453606294277
virgin_metal_tax,2.0,REU,Capital,719,-0.0023749748115697855,-0.0038963712324202593,-0.0012677924028925425
virgin_metal_tax,2.0,REU,Labour,719,-0.0002946798417169383,-0.001249934573849254,0.0001473238916416264
virgin_metal_tax,2.0,SK,Capital,719,-0.09743361698469899,-0.2949569282140352,-0.022775057946805566
virgin_metal_tax,2.0,SK,Labour,719,-0.2783179940471059,-0.7359665909126512,-0.11154525696455697
