instrument,wedge_percent,family,valid_parameter_configurations,median_avoided_new_product_tonnes,lower_quartile_avoided_new_product_tonnes,upper_quartile_avoided_new_product_tonnes,median_avoided_new_product_percent,lower_quartile_avoided_new_product_percent,upper_quartile_avoided_new_product_percent,median_avoided_new_product_primary_metal_tonnes,lower_quartile_avoided_new_product_primary_metal_tonnes,upper_quartile_avoided_new_product_primary_metal_tonnes,median_avoided_new_product_recycled_metal_tonnes,lower_quartile_avoided_new_product_recycled_metal_tonnes,upper_quartile_avoided_new_product_recycled_metal_tonnes
recycling_support,0.25,ELMA,729,-101.22077357624948,-188.7369793488906,-47.47064964957826,-0.00011657896742657073,-0.00021737397759689139,-5.467335531720196e-5,37.635080917025334,22.371886455759523,74.68695298326202,-76.02231458574053,-152.20124040076553,-37.98548455304716
recycling_support,0.25,OFMA,729,-1692.181356284636,-2474.519064467601,-1002.9071432678401,-0.05007420159442526,-0.07322475574098977,-0.029677536799451457,-23.93860360501961,-39.5135079397021,-11.52642487767507,-1.6850538629960679,-3.2976916276228305,-0.8849913865505585
recycling_support,0.25,RATV,729,1385.2737467114348,548.8523034846876,2620.255376964109,0.0017286312928743535,0.0006848922599032251,0.0032697186752402743,0.1345374527372769,-4.320501727452211,2.118288628938899,-18.141518576251645,-36.30440327750034,-9.059756138869638
recycling_support,0.25,all CE-RISE families,729,-228.69809726076664,-860.0091218120388,504.9663642132293,-0.00013425795491419447,-0.0005048711261046616,0.0002964421312278004,14.861755915347512,1.6203867637445413,24.129335105123822,-95.85096247993796,-191.83457155720922,-47.90730824103001
recycling_support,0.5,ELMA,729,-188.4701691178634,-382.975338470671,-92.14972377574304,-0.00021706668433945975,-0.00044108405746494145,-0.00010613157029794246,78.08958521235036,44.370881444381666,146.1019187078782,-152.42179294884903,-305.5526094066356,-76.111686838423
recycling_support,0.5,OFMA,729,-2565.8705946123205,-2780.603439101695,-2086.0583134874,-0.07592798546245969,-0.08228225458613904,-0.061729615528115046,-56.15656471650901,-63.6633834669149,-30.910699346873766,-3.3920089349658826,-6.626209013873781,-1.7597379209993909
recycling_support,0.5,RATV,729,2300.8831093816552,1112.0414178278297,5171.507257628487,0.002871185968524456,0.001387674889813663,0.0064533304684981085,2.1346586171093804,-7.243190836306894,6.859324700995785,-36.335089451902945,-72.87407572641614,-18.145064141321612
recycling_support,0.5,all CE-RISE families,729,-179.07796140136634,-1190.894123723093,2415.1218536035885,-0.00010512829427057518,-0.0006991182326632452,0.0014178050662296507,32.92224039215146,13.438481217843218,73.07379772817201,-192.14330161357134,-385.05602432330556,-95.99433479227159
recycling_support,1.0,ELMA,729,-414.48061495246657,-824.4242158453126,-203.15133026705007,-0.00047736961892599466,-0.000949513824178659,-0.00023397541312037532,145.6117242002947,85.00355941486487,280.8059661607549,-306.4404393686041,-615.7655640907665,-152.84544730595286
recycling_support,1.0,OFMA,729,-2448.807280384843,-2671.3543291818196,-2216.180984363527,-0.07246390522415204,-0.07904940845305636,-0.06558014184981045,-60.124408799329366,-64.49373519964315,-52.6597904702418,-6.699392694831589,-13.30927709493357,-3.417070367736661
recycling_support,1.0,RATV,729,5052.189767104341,2238.0894602909684,11343.78262472758,0.006304438635099173,0.0027928281225971675,0.01415548202744742,-3.048662340694136,-29.02759125655939,10.711743286818091,-73.07940581887638,-146.9305179689584,-36.43453669663573
recycling_support,1.0,all CE-RISE families,729,2128.3467155782255,-456.40881336879465,8212.602135006535,0.0012494527973971714,-0.00026793626454110715,0.004821234546226711,88.23878813314718,48.39114065296882,180.74892907835263,-386.2229708393072,-775.9753268494493,-192.68201920835745
recycling_support,2.0,ELMA,729,-896.2250710333901,-1736.9526438354515,-479.40206053807924,-0.0010322089989183122,-0.002000499882908442,-0.0005521415735634457,274.37543201152585,160.28702405757213,548.1261701701733,-619.2182309464459,-1250.51144017979,-308.14486633916306
recycling_support,2.0,OFMA,729,-1929.4940737786799,-2429.2624431661334,-1170.1756981708636,-0.05709664325682992,-0.07188554397735948,-0.03462726592128284,-57.38245078860614,-62.80411217395547,-50.566486753227245,-13.400707353664119,-26.893453899894123,-6.754312264873669
recycling_support,2.0,RATV,729,10472.004001302645,4808.198719370412,22233.496901697014,0.013067622091829083,0.0059999713330259686,0.027744349147984317,-11.080247336285538,-63.81345277595392,18.5156444014101,-147.6747163556538,-298.40990677823805,-73.46449612950173
recycling_support,2.0,all CE-RISE families,729,7811.0026159533645,2412.0411873044786,18930.021737986513,0.004585474254521598,0.0014159965511521511,0.011112930258118558,209.71936506250242,128.45874896281902,399.755249849175,-780.3167849801471,-1575.8347656549468,-388.35410945976946
refurbishment_support,0.25,ELMA,729,7.029634338934557,-261.1270017752104,252.44443926785607,8.096238387291329e-6,-0.00030074771372122017,0.0002907477489317639,3.123954324910301,-229.95534115482587,364.6955984952947,-0.0990430640500044,-0.42058966057621383,0.22042625474121458
refurbishment_support,0.25,OFMA,729,-2289.8949720437945,-4057.629387424212,483.8475484182936,-0.06776145005635816,-0.12007138075758805,0.014317779586971597,-7.291341261772568,-46.46032404051786,46.40183825410653,-0.10460545330976986,-0.37085365551933025,0.09546014290920798
refurbishment_support,0.25,RATV,729,-3544.072948848596,-20758.50065736007,31901.28988151648,-0.004422516068143862,-0.025903756506359586,0.03980842638731728,-0.40717423563910415,-42.180714110665576,44.53297598322024,-0.02320771588444792,-0.5391695201940307,0.15132099008895095
refurbishment_support,0.25,all CE-RISE families,729,-5208.478771630142,-19299.398468602103,28016.20712969331,-0.003057654245788168,-0.01132977405804224,0.01644700467007501,14.83423336155042,-170.88904602040435,261.1261975550646,-0.2822790694495631,-0.8630604119018264,0.08967741288028588
refurbishment_support,0.5,ELMA,729,-121.54016623574717,-574.5167061027751,336.33226913312683,-0.00013998141468404853,-0.0006616879322338192,0.00038736385094151766,-6.39200729134609,-474.1114046644652,706.6041359638912,-0.10613908352339507,-0.8384437951047978,0.5854226496535464
refurbishment_support,0.5,OFMA,729,-3935.431250415704,-6150.775126137539,932.711557764744,-0.1164553533594006,-0.18201072390043566,0.027600343426255173,2.2456254822266484,-41.489404141752814,103.05312436009412,-0.1670911810487593,-0.6918733467228687,0.1937107412598557
refurbishment_support,0.5,RATV,729,-11265.598252782598,-43517.11285923491,52288.82490552403,-0.014057918674154492,-0.05430337739569424,0.06524926875564716,13.246860606956034,-78.2404968607807,113.35308470902964,-0.011097061890826154,-1.2283113664762157,0.34838814030269116
refurbishment_support,0.5,all CE-RISE families,729,-15032.79795161388,-41682.58278441899,45262.95816926124,-0.008825052476587473,-0.024469894534350983,0.026571765440806076,56.51234087231047,-330.39511388809376,641.6667308891933,-0.47490881710393706,-1.4257824281525884,0.23067309790114088
refurbishment_support,1.0,ELMA,729,-225.98158819349192,-1188.6125949341076,687.4004439537384,-0.0002602696983852666,-0.001368960383248331,0.000791699481572589,-9.458835350262234,-954.9572956088086,1439.2660211051116,-0.07373949241938504,-1.670100665865327,1.6666356921388275
refurbishment_support,1.0,OFMA,729,-5735.095829209463,-9649.118354916514,1325.787250773824,-0.1697101458118633,-0.2855319826790988,0.03923204674251266,33.21089529612829,-22.31340209980443,189.19642725141227,-0.2831761819613606,-1.13813948164383,0.3596773443625019
refurbishment_support,1.0,RATV,729,-26550.750753390603,-84924.89094664948,95746.93104712153,-0.0331316887442457,-0.10597459482851279,0.1194790138755259,32.30665328730902,-129.8110491906118,249.4747428502851,-0.03909697952637403,-1.7837425001231608,0.608785360529231
refurbishment_support,1.0,all CE-RISE families,729,-32459.407797135667,-80891.55737468299,88971.33990383075,-0.019055399938899712,-0.04748764940779533,0.052230911776427684,235.38847890896426,-701.8459793884825,1483.133469380694,-0.7229405634829054,-2.2746587227938693,0.5783905289552924
refurbishment_support,2.0,ELMA,729,-225.80878834701434,-2497.768683253511,2225.6856192125706,-0.0002600706796763387,-0.0028767542834946674,0.002563388147873738,16.46681211378018,-1878.1017847764888,3120.5412369349942,-0.06464622248910956,-3.4729778964905815,3.9420201601177
refurbishment_support,2.0,OFMA,729,-8525.371688422827,-15680.800377405996,2449.378001851034,-0.25227862191485034,-0.4640185618072081,0.072480793734149,56.602669271009994,-3.8630190514309763,267.0087361847659,-0.38166638622824595,-1.8797266865772124,0.5315975742287071
refurbishment_support,2.0,RATV,729,-45704.000588330906,-160069.15488996753,205167.18665118492,-0.05703231279311482,-0.19974431106026652,0.25602045802006396,105.78708516167899,-278.3650556760149,530.0849323997245,-0.17248349387994333,-2.4996170636499837,0.8952867586405309
refurbishment_support,2.0,all CE-RISE families,729,-54965.07608157337,-151202.07467959585,190824.55059533328,-0.032267425023658494,-0.08876366514811551,0.1120241673070743,319.51376395560476,-1657.3753322566863,3409.583253864888,-1.5649216368188177,-3.865808700554762,1.5104675475618659
repair_support,0.25,ELMA,729,1.0258802067110082,-0.30275385768618435,10.189031223155325,1.1815366646218597e-6,-3.486905984459686e-7,1.1735009495632322e-5,0.06320619136386085,-0.101361901499331,3.126500693600974,0.00028281981770206244,-0.0011236061937083264,0.0070371632775927395
repair_support,0.25,OFMA,729,-10.11766570131222,-53.31348764333592,-0.14302663890940437,-0.0002993970061843011,-0.001577626604878664,-4.232374221311239e-6,-0.00044061777786181394,-0.30505402222809286,1.2119512173145668,-3.159496963261369e-6,-0.0009017025774137837,0.0033638298406985043
repair_support,0.25,RATV,729,-1.446719606872648,-107.37220756779425,255.32493838109076,-1.805307283410093e-6,-0.00013398576160654927,0.0003186104402718529,0.31440761569319875,-0.007210023282823386,1.4956758898333646,0.0011990168642928012,-0.0001210005365521738,0.0028148874451763284
repair_support,0.25,all CE-RISE families,729,-13.328469009672347,-139.57917753281134,216.9726737256887,-7.824520679485382e-6,-8.194040592647871e-5,0.00012737450724594667,0.7500458090950206,-0.03026566128963589,4.841668723116621,0.00284425578719957,-0.0010050468038085379,0.011051989426636695
repair_support,0.5,ELMA,729,1.2347735112707596,-6.284755777465762,16.265476096974453,1.422125279858585e-6,-7.238339652810632e-6,1.873343130161355e-5,-0.0009037174022523686,-5.984754001518013,11.466318708262406,0.00029845313914655947,-0.010806143962753367,0.01566288294858964
repair_support,0.5,OFMA,729,-136.92599480994744,-341.58098323838936,-2.309884812709555,-0.004051846950190151,-0.010107897095058193,-6.835297962712206e-5,-0.0007066743843050297,-2.568172773824358,3.664676062181406,1.311716330869607e-6,-0.008307564542403691,0.008778727575093855
repair_support,0.5,RATV,729,-17.44269496598281,-499.0168559947051,1134.995880938368,-2.1766086610562738e-5,-0.0006227044690567668,0.0014163189057261885,0.002701874684134964,-1.4117175762548868,2.076999634853564,-0.0003006879612499347,-0.007922724736039832,0.0037404748553648837
repair_support,0.5,all CE-RISE families,729,-70.30472016231434,-662.0937051289166,593.8637370126484,-4.127261250907801e-5,-0.00038868424301236813,0.00034862962037724435,1.142921319407769,-2.4437060282132244,9.011946455858611,4.529326664837351e-5,-0.011994649080204842,0.014114279725476808
repair_support,1.0,ELMA,729,0.5984083949879277,-16.61302250935114,32.117220642307075,6.892046990189479e-7,-1.9133710813972364e-5,3.699035570273533e-5,-0.011796719074482098,-13.288716824317817,23.254916013014736,-0.002350614926488248,-0.026955825363689456,0.031490618953963434
repair_support,1.0,OFMA,729,-313.9739911594193,-683.9758408753103,-13.846715249948659,-0.009290964511772174,-0.020239877962552038,-0.0004097452133433761,2.266506970714273,-4.539658681386161,12.38301074383114,0.0035497568752619496,-0.014887721798470099,0.027063638140233333
repair_support,1.0,RATV,729,-7.351521699922159,-819.4304242739454,2298.9703883784823,-9.173688948410798e-6,-0.0010225365759626416,0.002868799155529211,-0.041032457374967635,-4.831315260624251,4.170106231675163,-0.0034367385215112733,-0.023962243715253795,0.005499587473866807
repair_support,1.0,all CE-RISE families,729,-192.80537339251825,-1107.057451680304,1510.8594288497052,-0.0001131870157128231,-0.0006499016441997092,0.0008869548960387766,5.1934904432031,-4.176676686259437,23.240409987252384,-0.0007354710024453509,-0.027529030030565532,0.0264699427405907
repair_support,2.0,ELMA,729,0.062375330249778926,-37.7159769894206,58.611248176617664,7.183951808007912e-8,-4.34386094628963e-5,6.750431310293627e-5,-0.9579694734420627,-27.131583404028788,41.76947792485589,-0.009011039726491532,-0.059703108141521355,0.0540896574024643
repair_support,2.0,OFMA,729,-485.97598631791624,-963.9223053083261,-91.6740113766869,-0.014380763278448335,-0.028523916575554878,-0.0027127724280834723,7.449464014815282,-4.99925756583302,34.39533891178169,0.014178543859995332,-0.018968071738403133,0.07265599587444503
repair_support,2.0,RATV,729,-1.5300887287594378,-1366.6154777097981,4677.271318375599,-1.909340492221767e-6,-0.0017053483368927908,0.005836591926615051,-1.7279788582272886,-12.670622230471054,7.313775254559005,-0.009106438234017578,-0.05962013948404987,0.012464380758016258
repair_support,2.0,all CE-RISE families,729,-340.4405111502464,-1727.178777837506,3796.2436234283086,-0.00019985669904747452,-0.0010139458668921855,0.002228597051493578,11.797928496185461,-8.661508728998646,51.20788396644612,0.0022424102003844454,-0.06792547342974341,0.0555196777140288
reuse_support,0.25,ELMA,729,-95.80557096886332,-231.94982029273524,91.54096034400573,-0.00011034211795318476,-0.0002671434883288672,0.00010543043939593912,-11.792803456555703,-177.11910413431178,239.51976430619834,-0.09999200148149967,-0.3348452806054567,0.1562610110580902
reuse_support,0.25,OFMA,729,-2939.0083040488535,-3567.9801812919586,-965.0271476147061,-0.08696969373764775,-0.10558192135812369,-0.028556610527757015,-52.795434305499825,-67.77085076174376,1.6872826349609211,-0.18558367313724394,-0.33814368623941027,-0.00041526960361148915
reuse_support,0.25,RATV,729,-3853.0754640148953,-11842.583706696983,11466.286687459797,-0.004808108748696275,-0.014777917240168957,0.014308350265112263,4.082012495076924,-43.46490893340524,37.5192891053448,-0.003469195052614449,-0.46061769954921505,0.1487882388865236
reuse_support,0.25,all CE-RISE families,729,-6562.903898404381,-12213.485192718335,7191.064493232662,-0.0038527738807266577,-0.007169965837011193,0.004221537581996842,-42.970481709488894,-149.94825731818196,122.3801932896283,-0.21792110708405754,-0.7167074894978418,0.014633797054781628
reuse_support,0.5,ELMA,729,-375.56210662554076,-526.871894723372,84.5286601689877,-0.000432546018451161,-0.0006068139896862409,9.735416527941154e-5,-20.956190012337174,-361.645360325987,462.27674336337077,-0.0694522838667595,-0.6470479540801115,0.6617622665773855
reuse_support,0.5,OFMA,729,-3701.8067039343928,-5287.744021908358,-1963.64093370465,-0.10954205024654941,-0.15647233031458746,-0.05810710040517237,-49.2040573850319,-67.36584436963773,17.282788952018077,-0.21969029092629466,-0.5611395946309313,0.01906990077961247
reuse_support,0.5,RATV,729,-21491.427793342154,-32075.010335111292,8345.788213320775,-0.02681834886448599,-0.0400252056434096,0.010414396940313533,39.81997517889977,-45.837580466231884,152.49541342553493,0.12369271266541215,-0.7201441200476952,0.5155817111446139
reuse_support,0.5,all CE-RISE families,729,-20008.794150592144,-34752.41274477846,2277.0679105521367,-0.011746227078988654,-0.020401515881996644,0.0013367600541201062,37.42007670158813,-283.0930101633145,535.9061898673929,-0.21056051322795377,-1.0149615026392558,0.4871879125015881
reuse_support,1.0,ELMA,729,-833.9400842016767,-1177.2930955466145,154.12300276789756,-0.0009604735320326643,-0.0013559233800348991,0.00017750803401862073,-58.72524915354734,-731.4230276857124,1050.295778845306,0.10156777700622044,-1.2494269675196197,1.5223443454953127
reuse_support,1.0,OFMA,729,-4715.355799514585,-7403.800687041028,-2109.7259898551265,-0.1395344984846997,-0.21908964236660453,-0.06242997781098007,-44.90859605904997,-63.645142045600586,41.130014412503485,-0.29137112179404007,-0.8166272144591379,0.04841900400712344
reuse_support,1.0,RATV,729,-42015.74449347006,-63725.60391113348,21492.638564090477,-0.05242987597017897,-0.07952079748830218,0.026819859740014395,58.821614885349845,-80.50455287516525,368.272742911151,0.20491304949415712,-1.0335306995523075,1.0157773329826658
reuse_support,1.0,all CE-RISE families,729,-39389.249247373424,-69579.73165451994,11966.101681359105,-0.02312358569178636,-0.04084700566949952,0.0070247385495418434,169.06231249886167,-576.9966400802691,1236.0124375772361,-0.32366697734328254,-1.4565027190594113,1.489560429284612
reuse_support,2.0,ELMA,729,-1528.1984382607043,-2296.2757699336216,208.6369249434647,-0.0017600714720988214,-0.002644688918365746,0.00024029333522769227,-120.33482705552888,-1491.4040269072575,2110.0672461843205,0.0543520365519683,-2.5334427085966347,3.4539000252707552
reuse_support,2.0,OFMA,729,-5962.547043399677,-10136.286316378297,-2228.047310831361,-0.1764407707002407,-0.2999480183019846,-0.06593128436862428,-37.35624635717768,-62.93594209990704,73.0448656563172,-0.4144925661029418,-1.1922882027475332,0.1340921953029906
reuse_support,2.0,RATV,729,-69925.61136962101,-114182.11141718994,59119.62187689054,-0.0872575548867866,-0.1424835858983014,0.07377316479280724,83.27623747178586,-143.91086810474735,592.718532006711,0.27081224683329497,-1.3190942612015388,1.4713847660362127
reuse_support,2.0,all CE-RISE families,729,-71244.53117780466,-121580.46135311548,46039.05503284996,-0.04182433159400635,-0.07137420159723291,0.027027375605336367,118.6015281005142,-1300.1106855741305,2445.5571275438206,-0.7947281366838637,-2.520846173749681,2.674427765183775
virgin_metal_tax,0.25,ELMA,729,-9.411099616641877,-139.13270761081367,312.46250990979024,-1.0839042588725468e-5,-0.00016024326643100756,0.0003598723411983993,56.03921288068523,7.279403416803689,300.7162736833561,-75.749325919963,-150.2314495050526,-37.939640652236626
virgin_metal_tax,0.25,OFMA,729,-1345.3816132908028,-2003.9873067099816,-572.4141034099409,-0.039811873517666185,-0.05930101050704742,-0.016938597688237522,-36.297841911206,-51.911809747460076,-18.008235601958166,-1.7040879309716415,-3.3107912208507124,-0.9239740254263547
virgin_metal_tax,0.25,RATV,729,6014.253627055092,220.19927189452574,10960.595787413418,0.007504962140292538,0.0002747784349256976,0.013677317506123537,29.172163116290903,3.691631209490879,49.26426441573494,-18.01710666374396,-35.95288891626628,-9.025223251862974
virgin_metal_tax,0.25,all CE-RISE families,729,4936.303645707861,-1220.8118420676383,10309.65673399615,0.0028978729611053612,-0.0007166815256191006,0.006052317205750225,70.8865154612836,-7.723487018382222,301.4029762441561,-95.4705199776338,-189.58489249519477,-47.822905658322796
virgin_metal_tax,0.5,ELMA,729,87.95457456340955,-613.3884526520123,1084.9087256085913,0.00010129989250992578,-0.0007064576757822003,0.0012495215607915796,316.89210378949065,-64.78813710341637,998.7088550266635,-151.30756450517606,-301.7691193761098,-75.93980579734662
virgin_metal_tax,0.5,OFMA,729,-1412.019748925242,-2158.3286865056525,-306.98249139490963,-0.041783796577356425,-0.06386820499689747,-0.009084075476294261,-42.42554798025901,-56.94184038829107,-20.303579750519475,-3.3796674042077615,-6.614436921126306,-1.802106389715263
virgin_metal_tax,0.5,RATV,729,15257.504220530856,1781.2377731131855,40007.14096497279,0.019039268815556516,0.002222739990534655,0.04992341475803163,12.669074308581912,-79.66586343825838,71.38513277897437,-36.11209531690248,-72.08400664159197,-18.226647835260536
virgin_metal_tax,0.5,all CE-RISE families,729,14762.433669672111,-556.3071717818843,41736.97253636937,0.008666334253698374,-0.00032658191774273304,0.0245018242134896,264.5186652367955,-190.70888243890167,965.5061700024817,-190.77445155924124,-380.61958276648477,-95.84830030589828
virgin_metal_tax,1.0,ELMA,729,824.2033359586057,-1279.4359416142252,3087.2227471362858,0.0009492594302612071,-0.0014735643257010884,0.0035556460137686373,1070.621949866283,-208.07883872982347,2364.302106698553,-301.7149880693542,-606.6207890955154,-152.74507462078657
virgin_metal_tax,1.0,OFMA,729,-128.42867343858015,-1949.9965730483068,3967.122500380264,-0.003800398379514082,-0.05770334316981736,0.11739314530091503,-20.426655397144234,-49.25099888198868,26.55470652610993,-6.702651284140702,-13.109293242707846,-3.569366954993791
virgin_metal_tax,1.0,RATV,729,41814.50608703797,7522.218114954885,96424.20223185048,0.05217875809003976,0.009386694619894517,0.12032415525387356,-32.24577441312067,-357.53293123953335,120.9226362735426,-72.39516806871927,-144.3679181592405,-37.388822131026615
virgin_metal_tax,1.0,all CE-RISE families,729,44276.50282740813,5351.711244814849,103315.02663931863,0.025992663653787832,0.0031417393306988413,0.060651419293115384,880.18408405895,-584.0718243378635,2377.026713091377,-381.3650809115752,-764.6047050203797,-192.6914273345451
virgin_metal_tax,2.0,ELMA,719,2180.8917405290704,-2697.206131462626,6375.384197923842,0.0025117977090788816,-0.0031064523084845127,0.007342719092951398,2002.7092423308495,-756.5156716881829,4455.300293698154,-606.0718205768783,-1217.550392777884,-306.30381576515754
virgin_metal_tax,2.0,OFMA,719,3907.1725695024925,-655.5894584810803,14397.478879916329,0.115619136319433,-0.019399882042926732,0.4260431408293705,25.209827927951572,-27.813828516991208,112.42317853556497,-13.236415115626881,-26.024354943814238,-6.8657942313181195
virgin_metal_tax,2.0,RATV,719,94886.57275311346,28534.495344536146,222846.06890245725,0.11840540494181373,0.03560712941831108,0.27808127390944226,-170.9812828573704,-896.078768688225,174.96408639187757,-145.18710232568293,-290.54978369822135,-74.1498344087517
virgin_metal_tax,2.0,all CE-RISE families,719,106054.37934148921,27655.925151559393,246400.11565594253,0.06225956512374179,0.016235499973901057,0.1446499818530101,1657.4335138635065,-1551.1579649383293,4361.223327255546,-764.2900605627939,-1536.238626847278,-385.78546291612383
